question,true_label,predicted_label,suggested_bloom_level,correct_bloom_level,review_status,source
Compare Calliope with Howie. Use the word bank.,Understand,Apply,Analyze,,needs_educator_review,kaggle
Compare historical events to contemporary situations,Understand,Analyze,Analyze,,needs_educator_review,kaggle
"Explain the term conjugal families, by making reference to the different types of societies to which they could belong.",Analyze,Understand,Understand,,needs_educator_review,kaggle
Apply and integrate several different strategies to solve a mathematical problem (not according to one formula(,Create,Apply,Apply,,needs_educator_review,kaggle
"Explain how the biological concept of symbiotic relationships could be used to help solve socially created problems like water pollution, overflowing garbage landfills, or homelessness.",Create,Apply,Understand,,needs_educator_review,kaggle
Explain why it is likely that a matriarchal family system would be found in a matrilocal or matrilineal society.,Create,Understand,Understand,,needs_educator_review,kaggle
How many ways can you . . .?,Create,Remember,Remember,,needs_educator_review,kaggle
Justify your choice of data structure.,Create,Evaluate,Evaluate,,needs_educator_review,kaggle
Construct a poster that will advertise your new food product in an exciting and irresistible way.,Evaluate,Create,Create,,needs_educator_review,kaggle
Examine the stated positions of both major political candidates with regard to a particular issue and state good reasons (based on principles discussed in class) for why one candidates position is more likely to be effective than the other's.,Evaluate,Understand,Analyze,,needs_educator_review,kaggle
Explain choices made in making recommendations to an end user.,Evaluate,Create,Understand,,needs_educator_review,kaggle
Use the E-pH or Pourbaix diagram of Cr to determine the control current and potential for the anodic protection of a S43000 stainless steel vessel.,Understand,Apply,Apply,,needs_educator_review,kaggle
What is part of this book did you like best. Tell why you like it?,Evaluate,Remember,Remember,,needs_educator_review,kaggle
What is the most important...?,Evaluate,Remember,Remember,,needs_educator_review,kaggle
Describe Packet format of IPv6 in detail with suitable diagram.,Analyze,Remember,Understand,,needs_educator_review,kaggle
Explain in detail the importance of preliminary geological exploration in civil engineering projects.,Remember,Understand,Understand,,needs_educator_review,kaggle
Compare linear and switching mode power supply.,Remember,Analyze,Analyze,,needs_educator_review,kaggle
Explain effective modular design with neat diagram.,Analyze,Remember,Understand,,needs_educator_review,kaggle
Explain transfer function of an AC servo motor with suitable diagram.,Remember,Apply,Understand,,needs_educator_review,kaggle
Explain the representation of polynomial using GLL.,Analyze,Remember,Understand,,needs_educator_review,kaggle
State the different applications of contour lines.,Understand,Remember,Remember,,needs_educator_review,kaggle
Explain the working o single-phase full wave centre tapped rectifier with pure resistive laod.,Remember,Understand,Understand,,needs_educator_review,kaggle
State the different patterns of counter showing natural features.,Understand,Remember,Remember,,needs_educator_review,kaggle
Use minimum 8 functions of Deque STL.,Analyze,Remember,Apply,,needs_educator_review,kaggle
What is the necessity of ventilation and explain types of ventilation?,Understand,Remember,Remember,,needs_educator_review,kaggle
Explain qualitative and quantitative data.,Remember,Understand,Understand,,needs_educator_review,kaggle
List various types of flow control valve.,Apply,Remember,Remember,,needs_educator_review,kaggle
Describe the historical development of wind turbine on Indian level.,Remember,Understand,Understand,,needs_educator_review,kaggle
State and prove sampling theorem with suitable waveform and mathematical expression?,Analyze,Remember,Remember,,needs_educator_review,kaggle
Explain and differentiate between TWO types of aggregations when colloidal particles are unstable. ,Analyze,Remember,Understand,,needs_educator_review,kaggle
Explain fiber reinforced composites and particle reinforced composites.,Remember,Understand,Understand,,needs_educator_review,kaggle
Explain the properties of instantaneous centre of rotation.,Analyze,Understand,Understand,,needs_educator_review,kaggle
Explain Kinematic modeling in Virtual Reality.,Analyze,Remember,Understand,,needs_educator_review,kaggle
Define economic threshold and its use. ,Understand,Remember,Remember,,needs_educator_review,kaggle
Explain the different conditions for spontaneity by using Gibbs free energy.,Analyze,Apply,Understand,,needs_educator_review,kaggle
Explain how the verticality of tall building is checked?,Apply,Understand,Understand,,needs_educator_review,kaggle
Describe the construction of foil type strain gauges and explain their advantages over wire wound strain gauge.,Analyze,Understand,Understand,,needs_educator_review,kaggle
Explain the concept of Available and Unavailable energy.,Remember,Understand,Understand,,needs_educator_review,kaggle
Explain process reaction curve tuning method in detail.,Remember,Understand,Understand,,needs_educator_review,kaggle
Explain mechanism of universal indexing head.,Remember,Understand,Understand,,needs_educator_review,kaggle
Explain the necessity of providing fire protection system in building.,Remember,Understand,Understand,,needs_educator_review,kaggle
Define terms.,Understand,Remember,Remember,,needs_educator_review,kaggle
Explain working of single phase half wave rectifier with RL load.,Remember,Apply,Understand,,needs_educator_review,kaggle
Explain typical connections of 78XX and 79XX regulators with circuit diagram.,Remember,Understand,Understand,,needs_educator_review,kaggle
Explain the TSS descriptor and its role in multitasking.,Analyze,Understand,Understand,,needs_educator_review,kaggle
Summarize different access controls in Java.,Remember,Analyze,Understand,,needs_educator_review,kaggle
Describe and sketch the THREE (3) types of brick bonding. ,Apply,Understand,Understand,,needs_educator_review,kaggle
Explain the principle of autoclaving with its applications.,Analyze,Remember,Understand,,needs_educator_review,kaggle
Explain quick sort algorithm with suitable example.,Analyze,Remember,Understand,,needs_educator_review,kaggle
Explain the following operations performed on lathe with suitable sketch.,Analyze,Remember,Understand,,needs_educator_review,kaggle
Explain electronic energy meter with a neat diagram.,Remember,Understand,Understand,,needs_educator_review,kaggle
State and explain basic components of ASM chart.,Apply,Remember,Remember,,needs_educator_review,kaggle
Explain the working of circular queue.,Remember,Analyze,Understand,,needs_educator_review,kaggle
Explain the Media Richness Model. Use the model to discuss how managers can pick the best channel in communicating with staff and support your discussion with a scenario. ,Evaluate,Understand,Understand,,needs_educator_review,kaggle
State the advantage of applying each step in the purification scheme. ,Understand,Remember,Remember,,needs_educator_review,kaggle
Define pyrolysis and cracking in petroleum refining process.,Apply,Remember,Remember,,needs_educator_review,kaggle
Explain the Bezier curve.,Analyze,Remember,Understand,,needs_educator_review,kaggle
Describe the THREE (3) roles for social media in branding.,Remember,Understand,Understand,,needs_educator_review,kaggle
Apply the block digram reduction rules to reduce the following system into canonical form and determine its control ratio.,Remember,Apply,Apply,,needs_educator_review,kaggle
Explain in brief reactions involved in manufacture of silicone rubbers with mechanisms.,Apply,Remember,Understand,,needs_educator_review,kaggle
List TEN (10) components of an effective crisis communication plan.,Understand,Create,Remember,,needs_educator_review,kaggle
Describe how accurate mass spectrometry could be applied to determine if a small protein contains a pair of disulfide-bonded cysteine residue or two reduced cysteine residues. Explain how you can confirm your finding. ,Analyze,Understand,Understand,,needs_educator_review,kaggle
Explain Shell and Tube heat exchanger in detail with neat sketch.,Analyze,Remember,Understand,,needs_educator_review,kaggle
Explain the concept of current boosting with necessary diagram.,Remember,Understand,Understand,,needs_educator_review,kaggle
"State, define and list the advantage(s) and disadvantage(s) of the THREE animal selection methods for multiple traits. ",Understand,Remember,Remember,,needs_educator_review,kaggle
Explain what are factors to be consider for selecetion of span length hence state factors affecting sag of transmission line.,Analyze,Remember,Understand,,needs_educator_review,kaggle
Compare late binding & early binding.,Remember,Analyze,Analyze,,needs_educator_review,kaggle
Describe and explain the various methods used for gene transfer to plant cells.,Analyze,Understand,Understand,,needs_educator_review,kaggle
Explain the concept of Transaction.,Remember,Understand,Understand,,needs_educator_review,kaggle
Explain demand and supply curve and factors affecting on it.,Remember,Understand,Understand,,needs_educator_review,kaggle
Explain RIP message format in detail.,Analyze,Remember,Understand,,needs_educator_review,kaggle
Explain in detail concept of maximum heat flux and critical temperature drop.,Analyze,Remember,Understand,,needs_educator_review,kaggle
Identify THREE (3) types of mortar used in wall construction. ,Understand,Remember,Remember,,needs_educator_review,kaggle
State the following properties of CTFT.,Understand,Remember,Remember,,needs_educator_review,kaggle
Explain the advantages of HMI.,Remember,Analyze,Understand,,needs_educator_review,kaggle
Explain on the Psychrometric Chart following Processes.,Remember,Understand,Understand,,needs_educator_review,kaggle
Explain how the wind pattern affects power generation in wind energy systems.,Remember,Understand,Understand,,needs_educator_review,kaggle
State the significance of back emf in dc motor.,Understand,Remember,Remember,,needs_educator_review,kaggle
Explain any two parallel Database System Architecture in detail.,Remember,Analyze,Understand,,needs_educator_review,kaggle
Explain the working of a half-adder? Draw its logic diagram.,Remember,Understand,Understand,,needs_educator_review,kaggle
Explain coriolis component of acceleration with neat sketch.,Remember,Understand,Understand,,needs_educator_review,kaggle
Explain the feedback compensator with example.,Remember,Understand,Understand,,needs_educator_review,kaggle
Explain the procedure for finding slope and deflection for a cantilever beam with a point load at free end Double integration method.,Analyze,Apply,Understand,,needs_educator_review,kaggle
Compare python list and linked lists.,Remember,Analyze,Analyze,,needs_educator_review,kaggle
Define the transition state and activation energy in relation to catalytic power of an enzyme. ,Understand,Remember,Remember,,needs_educator_review,kaggle
Explain the various modes of heat transfer with suitable real life examples.,Remember,Understand,Understand,,needs_educator_review,kaggle
Explain the procedure of Fixing door and window in detail?,Apply,Understand,Understand,,needs_educator_review,kaggle
Describe how soil surface roughness affects both water and wind erosion. Suggest ways to increase roughness to reduce erosion. ,Create,Understand,Understand,,needs_educator_review,kaggle
Explain rate method for control of corrosion.,Analyze,Remember,Understand,,needs_educator_review,kaggle
Explain the working of Pirani Gauge for measurement of pressure.,Apply,Remember,Understand,,needs_educator_review,kaggle
Identify TWO (2) strategies that are able to reduce the likelihood of an eyewitness reporting someone who did not commit the crime. ,Analyze,Remember,Remember,,needs_educator_review,kaggle
Differentiate between followings.,Remember,Analyze,Analyze,,needs_educator_review,kaggle
Explain the function of LM 317 as adjustable voltage regulator.,Remember,Understand,Understand,,needs_educator_review,kaggle
Explain Serial port structure of 8051 microcontroller.,Remember,Understand,Understand,,needs_educator_review,kaggle
Define  the following terms.,Understand,Remember,Remember,,needs_educator_review,kaggle
Explain different collapse mechanisms in plastic analysis with diagram.,Remember,Understand,Understand,,needs_educator_review,kaggle
Explain Risk identification process?,Analyze,Remember,Understand,,needs_educator_review,kaggle
Explain Economizer.,Remember,Understand,Understand,,needs_educator_review,kaggle
Explain Nucleonic method for level measurement with suitable diagram.,Apply,Understand,Understand,,needs_educator_review,kaggle
Identify the type of crisis based on time as a critical variable. ,Understand,Remember,Remember,,needs_educator_review,kaggle
Explain any three sheet metal working operations with their working.,Remember,Understand,Understand,,needs_educator_review,kaggle
Differentiate between CRO and DSO.,Remember,Analyze,Analyze,,needs_educator_review,kaggle
Explain an algorithm to find in-degree and out-degree of a vertex with a suitable example.,Apply,Remember,Understand,,needs_educator_review,kaggle
Explain working principle of Induction motor and concept of rotating magnetic field.,Remember,Understand,Understand,,needs_educator_review,kaggle
Explain Splay tree with an example.,Remember,Understand,Understand,,needs_educator_review,kaggle
Explain any two mineral deficiencies in detail.,Analyze,Remember,Understand,,needs_educator_review,kaggle
List and explain four common examples of exceptions.,Analyze,Understand,Remember,,needs_educator_review,kaggle
State which database architectures you will prefer for following application.,Apply,Remember,Remember,,needs_educator_review,kaggle
Compare the seasoning method between softwood and hardwood. ,Understand,Analyze,Analyze,,needs_educator_review,kaggle
Identify the role of advertising in global women's magazines and local women's magazine. ,Understand,Remember,Remember,,needs_educator_review,kaggle
Describe Prisoner Dilemma in the context of game theory.,Remember,Analyze,Understand,,needs_educator_review,kaggle
Explain defect management.,Remember,Understand,Understand,,needs_educator_review,kaggle
Explain the working of Digital to analog converter.,Analyze,Understand,Understand,,needs_educator_review,kaggle
Explain construction and working of a synchronous machine.,Remember,Understand,Understand,,needs_educator_review,kaggle
Explain the following functions with suitable examples.,Analyze,Remember,Understand,,needs_educator_review,kaggle
Explain various specification of ADC.,Remember,Understand,Understand,,needs_educator_review,kaggle
Differentiate between compile time polymorphism and runtime Polymophism.,Remember,Analyze,Analyze,,needs_educator_review,kaggle
Explain the relationship between compressive strength and tensile strength of concrete.,Remember,Understand,Understand,,needs_educator_review,kaggle
Explain âCore of the Sectionâ and obtain a core section for a hollow circular column of external and internal diameter âDâ and âdâ respectively.,Analyze,Apply,Understand,,needs_educator_review,kaggle
Explain Darcay Weisbachs equation.,Analyze,Understand,Understand,,needs_educator_review,kaggle
Explain the applications of IR spectroscopy.,Remember,Understand,Understand,,needs_educator_review,kaggle
Explain Risk Projection and Risk Refinement in detail.,Remember,Analyze,Understand,,needs_educator_review,kaggle
Explain the properties of solid insulating material.,Remember,Understand,Understand,,needs_educator_review,kaggle
Explain linked organization with respect to file handling.,Remember,Analyze,Understand,,needs_educator_review,kaggle
Explain Chemical Vapor deposition method for synthesis of nanomaterials.,Analyze,Remember,Understand,,needs_educator_review,kaggle
Explain Interdomain and Intradomain routing protocol in detail.,Analyze,Remember,Understand,,needs_educator_review,kaggle
Explain the durability of concrete? What effect the water- cement ratio makes on durability?,Remember,Understand,Understand,,needs_educator_review,kaggle
Explain multistage compression of reciprocating air compressor.,Analyze,Understand,Understand,,needs_educator_review,kaggle
Explain the spontaneity by using Gibbs free energy.,Apply,Analyze,Understand,,needs_educator_review,kaggle
Explain following routing.,Remember,Understand,Understand,,needs_educator_review,kaggle
Describe graphic design and product design. ,Remember,Understand,Understand,,needs_educator_review,kaggle
Define instructional materials and provide an example of it. ,Understand,Remember,Remember,,needs_educator_review,kaggle
Explain any three methods for synthesis of Furan.,Remember,Analyze,Understand,,needs_educator_review,kaggle
Explain the Ziegler - Nichols tuning method of tuning a PID controller.,Remember,Understand,Understand,,needs_educator_review,kaggle
Explain the three position synthesis of single slider mechanism by using inversion method.,Remember,Analyze,Understand,,needs_educator_review,kaggle
Explain with the help of neat sketch,Apply,Remember,Understand,,needs_educator_review,kaggle
Classify the different modes of failure of finite and infinite slopes.,Remember,Analyze,Understand,,needs_educator_review,kaggle
Explain the linked implementation of stock with suitable example.,Remember,Analyze,Understand,,needs_educator_review,kaggle
State and explain the merits and demerits of direct shear test.,Analyze,Remember,Remember,,needs_educator_review,kaggle
Describe the design principles for jigs and fixtures.,Apply,Understand,Understand,,needs_educator_review,kaggle
Explain the phenomenon of Boundary Layer Separation and Methods to control to it.,Analyze,Understand,Understand,,needs_educator_review,kaggle
Compare active filters and passive filters.,Remember,Analyze,Analyze,,needs_educator_review,kaggle
Define Task Switching and explain the steps involved in task switching operation?,Analyze,Remember,Remember,,needs_educator_review,kaggle
State your opinion on whether financial reporting system is more important than management reporting system and the appropriateness of placing more emphasis on producing non-discretionary financial reports. Provide arguments to support. ,Understand,Evaluate,Remember,,needs_educator_review,kaggle
"Explain how currency depreciation will affect export, import and the balance of trade of the country. ",Analyze,Understand,Understand,,needs_educator_review,kaggle
Calculate the thickness of flanged torispherical head for a vessel having internal diameter 6000mm.,Remember,Apply,Apply,,needs_educator_review,kaggle
Identify any TWO (2) product design strategies you have learned. Explain how both strategies could be useful for instant respond to customer demand. ,Understand,Evaluate,Remember,,needs_educator_review,kaggle
Identify THREE (3) types of imperfectly competitive firms and construct THREE (3) important characteristics of these imperfectly competitive firms.,Apply,Understand,Remember,,needs_educator_review,kaggle
Explain the difference between array representation and linked representation of binary tree.,Remember,Analyze,Understand,,needs_educator_review,kaggle
Explain the homogenous transformation matrix approach in planning of Cartesian path trajectories.,Remember,Understand,Understand,,needs_educator_review,kaggle
Explain the operation of a precision full wave rectifier with necessary waveforms.,Remember,Understand,Understand,,needs_educator_review,kaggle
Explain in detail ARP and RARP.,Remember,Analyze,Understand,,needs_educator_review,kaggle
Compare synchronous and ripple counter.,Remember,Analyze,Analyze,,needs_educator_review,kaggle
Identify which country has an absolute advantage and comparative advantage in the production of pizza and cloth. ,Understand,Remember,Remember,,needs_educator_review,kaggle
Explain Deferred database modification.,Analyze,Remember,Understand,,needs_educator_review,kaggle
State four features of LAP winding of DC machine.,Understand,Remember,Remember,,needs_educator_review,kaggle
Differentiate between Microprocessor and Microcontroller.,Remember,Analyze,Analyze,,needs_educator_review,kaggle
Describe THREE (3) advantages of the banker's acceptance towards either exporter or importer. ,Remember,Understand,Understand,,needs_educator_review,kaggle
Explain in brief components of Lab VIEW application.,Apply,Remember,Understand,,needs_educator_review,kaggle
Explain the working of SMPS with neat diagram?,Analyze,Remember,Understand,,needs_educator_review,kaggle
Explain two position and floating control mode in brief with neat sketch.,Remember,Understand,Understand,,needs_educator_review,kaggle
State main commodity polymers with uses.,Apply,Remember,Remember,,needs_educator_review,kaggle
Explain degrees of freedom and stiffness.,Remember,Understand,Understand,,needs_educator_review,kaggle
"Explain with sketches, wind and stack effect.",Analyze,Understand,Understand,,needs_educator_review,kaggle
Explain following terms in brief.,Apply,Remember,Understand,,needs_educator_review,kaggle
Demonstrate the different types of flames used in oxyacetylene welding.,Remember,Apply,Apply,,needs_educator_review,kaggle
Explain principle of resistance welding with neat sketch.,Remember,Understand,Understand,,needs_educator_review,kaggle
List the different psychrometric processes and show them on the hand drawn psychrometric chart.,Understand,Remember,Remember,,needs_educator_review,kaggle
Describe advantages and limitations of following insulators.,Analyze,Remember,Understand,,needs_educator_review,kaggle
Explain the various losses in transformer?,Remember,Understand,Understand,,needs_educator_review,kaggle
Explain market considerations for package design.,Remember,Understand,Understand,,needs_educator_review,kaggle
Explain requirements of a good building stone.,Remember,Understand,Understand,,needs_educator_review,kaggle
Explain Hot dipping and Burnishing processes in detailed.,Analyze,Remember,Understand,,needs_educator_review,kaggle
Explain with a neat sketch following parts of belt conveyors.,Analyze,Remember,Understand,,needs_educator_review,kaggle
Explain uses of SBR.,Remember,Understand,Understand,,needs_educator_review,kaggle
Explain in detail categories of Software Metrics with suitable examples.,Analyze,Remember,Understand,,needs_educator_review,kaggle
Explain EHVDC transmission system with the help of suitable diaram.,Remember,Analyze,Understand,,needs_educator_review,kaggle
Explain the need of Cache memory.,Remember,Understand,Understand,,needs_educator_review,kaggle
Analyze the beam shown in figure 1 by slope deflection method and draw B.,Apply,Analyze,Analyze,,needs_educator_review,kaggle
Explain the linked  implementation of stack with suitable example.,Analyze,Understand,Understand,,needs_educator_review,kaggle
Explain Triadic curve and give its fractal dimension.,Analyze,Remember,Understand,,needs_educator_review,kaggle
Describe the steps of defect management with neat diagram.,Analyze,Remember,Understand,,needs_educator_review,kaggle
Explain how koch curves are generated.,Analyze,Understand,Understand,,needs_educator_review,kaggle
Define pressure vessels and explain design of pressure vessels subjected to external pressure.,Analyze,Remember,Remember,,needs_educator_review,kaggle
Explain the working of magnetic Tape recorder along with diagram.,Apply,Remember,Understand,,needs_educator_review,kaggle
Explain any four applications of RFID?,Analyze,Remember,Understand,,needs_educator_review,kaggle
Describe how the hexokinase enzymatic activity could be determined using the coupled assay method. ,Apply,Understand,Understand,,needs_educator_review,kaggle
"Define and discuss the Sharpe, Treynor, and Jensen measures of portfolio performance evaluation by identifying the situations in which each measure is the most appropriate measure. ",Apply,Understand,Remember,,needs_educator_review,kaggle
List the properties of probability.,Apply,Remember,Remember,,needs_educator_review,kaggle
Explain SSL in detail.,Remember,Understand,Understand,,needs_educator_review,kaggle
Explain in brief the factors governing the choice of adhesives.,Remember,Understand,Understand,,needs_educator_review,kaggle
List and explain operating system design issues.,Understand,Remember,Remember,,needs_educator_review,kaggle
Explain different methods of locating instantaneous centre in various mechanisms.,Analyze,Understand,Understand,,needs_educator_review,kaggle
Describe generation of pulse width modulation with diagram and waveform.,Remember,Apply,Understand,,needs_educator_review,kaggle
Define continuous time Fourier Transform.,Understand,Remember,Remember,,needs_educator_review,kaggle
Design a wein bridge oscillator to generate oscillations at 1 KHZ.,Apply,Create,Create,,needs_educator_review,kaggle
Explain the idealized stress strain curve for plastic analysis with diagram and state the assumption for plastic analysis.,Remember,Understand,Understand,,needs_educator_review,kaggle
List any THREE (3) pairs of system functions that should be separated in the centralized computer services organization and describe a risk exposure if the functions are not separated. ,Understand,Analyze,Remember,,needs_educator_review,kaggle
Explain why the effectiveness of an expansionary monetary policy in increasing aggregate output is partially dependent on the interest sensitivity of the demand for money. ,Analyze,Evaluate,Understand,,needs_educator_review,kaggle
Explain different ways to implement Threads in Java?,Analyze,Understand,Understand,,needs_educator_review,kaggle
Explain with a neat diagram CMOS inverter.,Remember,Analyze,Understand,,needs_educator_review,kaggle
Explain any four design concepts with appropriate example.,Remember,Analyze,Understand,,needs_educator_review,kaggle
Compare the formation process between igneous rock and sedimentary rocks. ,Understand,Analyze,Analyze,,needs_educator_review,kaggle
Describe the three types of control typically needed in batch manufacturing.,Remember,Understand,Understand,,needs_educator_review,kaggle
Explain deletion of segment with suitable example.,Analyze,Remember,Understand,,needs_educator_review,kaggle
Explain the procedure of establishing alignment of road?,Apply,Understand,Understand,,needs_educator_review,kaggle
Explain in detail TQM and its importance.,Remember,Understand,Understand,,needs_educator_review,kaggle
Define allelopathy and list how allelopathic substance enters the environment. ,Understand,Remember,Remember,,needs_educator_review,kaggle
Explain the cell cycle and describe in detail the steps involved in a typical cell cycle.,Analyze,Remember,Understand,,needs_educator_review,kaggle
Analyze the beam ABC shown in figure 6 by stiffness method and draw BMD.,Apply,Analyze,Analyze,,needs_educator_review,kaggle
Explain how synchros can be used as Position control application.,Apply,Understand,Understand,,needs_educator_review,kaggle
Explain rebound hammer test with its limitations.,Remember,Understand,Understand,,needs_educator_review,kaggle
Describe the software quality dilemma in your own words.,Analyze,Understand,Understand,,needs_educator_review,kaggle
What is cushioning of air cylinder.,Understand,Remember,Remember,,needs_educator_review,kaggle
Explain level measurement by mechanical method.,Apply,Understand,Understand,,needs_educator_review,kaggle
Explain on delete cascade command with suitable example.,Remember,Analyze,Understand,,needs_educator_review,kaggle
Explain the effect of barrier properties on product.,Analyze,Understand,Understand,,needs_educator_review,kaggle
State and prove initial and final value theorem.,Analyze,Remember,Remember,,needs_educator_review,kaggle
Explain in detail classification of hydraulic pump.,Remember,Understand,Understand,,needs_educator_review,kaggle
Explain the input and output module of programmable logic controller.,Analyze,Remember,Understand,,needs_educator_review,kaggle
Differentiate Soft Magnetic Materials and Hard Magnetic Materials.,Remember,Analyze,Analyze,,needs_educator_review,kaggle
Differentiate and Explain the Interrupt gate and Trap gate descriptor.,Remember,Understand,Analyze,,needs_educator_review,kaggle
Explain in detail distortion in delta Modulation.,Remember,Understand,Understand,,needs_educator_review,kaggle
Explain the memory write cycle with help of suitable timing diagram.,Analyze,Remember,Understand,,needs_educator_review,kaggle
Name the two classes of monosaccharide. Draw and name the simplest structure of molecule in each class. ,Understand,Remember,Remember,,needs_educator_review,kaggle
Describe in brief elastomer polymerization.,Analyze,Understand,Understand,,needs_educator_review,kaggle
Explain different types of exceptions in 80386 with suitable examples.,Remember,Analyze,Understand,,needs_educator_review,kaggle
Distinguish central and peripheral routes to information processing. Support your answer with TWO (2) relevant examples. Elaborate your examples in details. ,Evaluate,Analyze,Analyze,,needs_educator_review,kaggle
Identify whether the firm is in the short-run or long-run  equilibrium. Explain.,Understand,Analyze,Remember,,needs_educator_review,kaggle
Explain interfacing of LM35 temperature sensor with PIC 18FXX microcontroller.,Analyze,Remember,Understand,,needs_educator_review,kaggle
Describe the significance of the urea cycle.,Analyze,Remember,Understand,,needs_educator_review,kaggle
Explain with a neat sketch Sand filter.,Analyze,Remember,Understand,,needs_educator_review,kaggle
"Explain the construction, and working of LVDT.",Remember,Understand,Understand,,needs_educator_review,kaggle
Calculate the weight of KMnO4 required making 500 ml of 0.,Remember,Apply,Apply,,needs_educator_review,kaggle
Explain cavitation in brief and suggest the suitable method used to reduce it.,Apply,Understand,Understand,,needs_educator_review,kaggle
Demonstrate the various types of chips formed during metal cutting.,Remember,Apply,Apply,,needs_educator_review,kaggle
Explain in brief reactions involved in manufacturing of detergent by sodium reduction of coconut oil.,Analyze,Apply,Understand,,needs_educator_review,kaggle
Develop circuit model for 3 phase Synchronous Machine.,Apply,Create,Create,,needs_educator_review,kaggle
List out the properties of Laplace Transform.,Understand,Remember,Remember,,needs_educator_review,kaggle
Explain the term Path Generation.,Remember,Understand,Understand,,needs_educator_review,kaggle
Define and explain reinvestment risk with an example. ,Understand,Remember,Remember,,needs_educator_review,kaggle
Describe the objective and classification of triangulation survey?,Remember,Understand,Understand,,needs_educator_review,kaggle
What is reverberation time and how is it calculated?,Understand,Remember,Remember,,needs_educator_review,kaggle
Describe Functional Programming.,Apply,Remember,Understand,,needs_educator_review,kaggle
Explain blow moulding with suitable sketch.,Remember,Understand,Understand,,needs_educator_review,kaggle
Explain with example trie.,Analyze,Remember,Understand,,needs_educator_review,kaggle
Explain operation of capture mode of PIC18FXX microcontroller along with diagram.,Analyze,Remember,Understand,,needs_educator_review,kaggle
Describe the meaning of 'design'. ,Remember,Understand,Understand,,needs_educator_review,kaggle
Explain the impact of use of electric vehicles on power grid.,Analyze,Understand,Understand,,needs_educator_review,kaggle
Explain influence of geological conditions on the choice and type of dam.,Analyze,Remember,Understand,,needs_educator_review,kaggle
State and explain the properties of CDF.,Apply,Understand,Remember,,needs_educator_review,kaggle
Explain the architecture of PLC with neat diagram.,Remember,Understand,Understand,,needs_educator_review,kaggle
Explain the use of profile projector with neat sketch.,Remember,Understand,Understand,,needs_educator_review,kaggle
Explain construction and working of Francis Turbine with application.,Remember,Understand,Understand,,needs_educator_review,kaggle
Explain the following Equality predicates using a suitable example.,Analyze,Remember,Understand,,needs_educator_review,kaggle
Explain magneto ignition system and state its advantages and disadvantages.,Remember,Understand,Understand,,needs_educator_review,kaggle
Explain the different probes used for CRO.,Apply,Remember,Understand,,needs_educator_review,kaggle
Create hash task and resolve collision using linear probing with replacement.,Apply,Create,Create,,needs_educator_review,kaggle
"Name a commercially available software or an open-source software that does the computational analysis of flows of hydraulic engineering and explain what it is used for, what equations based on what assumptions it uses and how then are solved. ",Understand,Remember,Remember,,needs_educator_review,kaggle
Explain the concept of GMD and GMR for inductance calculation.,Remember,Understand,Understand,,needs_educator_review,kaggle
Explain in brief the effect of wet adhesives on paper and board.,Remember,Analyze,Understand,,needs_educator_review,kaggle
Compare React JS and Angular JS and Vue JS.,Apply,Analyze,Analyze,,needs_educator_review,kaggle
Differentiate between Battery EV and Hybrid EV.,Remember,Analyze,Analyze,,needs_educator_review,kaggle
Contrast B-mode and A-mode ultrasound systems. ,Understand,Remember,Analyze,,needs_educator_review,kaggle
Explain importance of project Management and how to manage project risk.,Remember,Analyze,Understand,,needs_educator_review,kaggle
Explain the concept of instruction pipelining with diagram.,Remember,Understand,Understand,,needs_educator_review,kaggle
List the types of Abstract Data Type and explain them in brief.,Apply,Remember,Remember,,needs_educator_review,kaggle
Describe focused task and how it can be used to teach grammar for low  proficiency students. ,Remember,Understand,Understand,,needs_educator_review,kaggle
Explain four quadrant operation of motor driving a hoist load.,Remember,Understand,Understand,,needs_educator_review,kaggle
Explain the principle and application of TLC.,Apply,Understand,Understand,,needs_educator_review,kaggle
What is difference between starvation and deadlock?,Analyze,Remember,Remember,,needs_educator_review,kaggle
Explain the formation of phosphodiester bonds with a suitable example.,Analyze,Remember,Understand,,needs_educator_review,kaggle
 Explain the below methods in detail.,Analyze,Understand,Understand,,needs_educator_review,kaggle
Explain the interrupt structure of PIC18 along with IVT.,Apply,Remember,Understand,,needs_educator_review,kaggle
Explain the FDI in Infrastructure.,Remember,Understand,Understand,,needs_educator_review,kaggle
Explain Architecture of Distributed database system.,Analyze,Remember,Understand,,needs_educator_review,kaggle
Explain with example trie tree.,Remember,Analyze,Understand,,needs_educator_review,kaggle
Explain in brief the frame size selection criteria for screen printing process.,Apply,Remember,Understand,,needs_educator_review,kaggle
Explain the followings terms related to refrigeration.,Remember,Understand,Understand,,needs_educator_review,kaggle
Explain Ammonia synthesis converter with a neat figure.,Remember,Analyze,Understand,,needs_educator_review,kaggle
List properties of light.,Apply,Remember,Remember,,needs_educator_review,kaggle
Explain the basic method for implementing paging.,Remember,Understand,Understand,,needs_educator_review,kaggle
Describe the FOUR (4) main phases of The Hawthorne Studies. Support your description with the significance of each of the phases. ,Evaluate,Understand,Understand,,needs_educator_review,kaggle
What is the ambiguity that arises in multiple inheritance?,Analyze,Remember,Remember,,needs_educator_review,kaggle
Explain relay interfacing with 8051 microcontroller.,Remember,Apply,Understand,,needs_educator_review,kaggle
Explain with example the significance of priority queue over simple queue.,Analyze,Remember,Understand,,needs_educator_review,kaggle
Explain in detail Ultrasonic flow inspection test for testing of Engineering materials.,Apply,Remember,Understand,,needs_educator_review,kaggle
What is indicator microorganism and explain its significance in water microbiology.,Analyze,Remember,Remember,,needs_educator_review,kaggle
List the properties of distribution function.,Understand,Remember,Remember,,needs_educator_review,kaggle
Describe the THREE (3) elements of problem structure of a company. Contrast a structured problem to an unstructured problem. Discuss briefly which levels of management typically deal with structured problems and with unstructured problems. ,Analyze,Understand,Understand,,needs_educator_review,kaggle
"Compare the gravity retaining wall, semi gravity retaining wall and cantilever retaining wall in the aspects of shape design, maximum height and method of construction. ",Understand,Analyze,Analyze,,needs_educator_review,kaggle
Define geodetic survey and state its objectives of study.,Understand,Remember,Remember,,needs_educator_review,kaggle
Explain the working of hydrogen fuel cell.,Remember,Understand,Understand,,needs_educator_review,kaggle
Explain how nodes can be remove in tail reference using example.,Evaluate,Understand,Understand,,needs_educator_review,kaggle
Define and explain 'Fiscal Policy' in terms of its objectives and differentiate between the 'Discretionary Fiscal Policy' and 'Automatic Fiscal Policy'. ,Analyze,Understand,Remember,,needs_educator_review,kaggle
Explain Gauss Jacobi method for the solution of linear simultaneous equations.,Remember,Understand,Understand,,needs_educator_review,kaggle
List the major forces acting on the concrete body of the dam excluding earthquake and wind forces. ,Understand,Remember,Remember,,needs_educator_review,kaggle
Explain in brief procedure of setting out of tunnel centreline and transferring underground?,Apply,Understand,Understand,,needs_educator_review,kaggle
Explain the construction and working of three phase Synchronous motor?,Remember,Understand,Understand,,needs_educator_review,kaggle
State sampling theorem and discuss its types.,Understand,Remember,Remember,,needs_educator_review,kaggle
"Distinguish between PAM, PWM and PPM.",Remember,Analyze,Analyze,,needs_educator_review,kaggle
Explain the following number predicates using suitable example.,Remember,Analyze,Understand,,needs_educator_review,kaggle
Describe FIVE (5) techniques to achieve dominance. ,Remember,Understand,Understand,,needs_educator_review,kaggle
List down ALL types of brick wall and give explanations for each type of the wall. ,Understand,Remember,Remember,,needs_educator_review,kaggle
Explain direct access file organization.,Analyze,Understand,Understand,,needs_educator_review,kaggle
Explain function over loading & function overriding in detail.,Remember,Understand,Understand,,needs_educator_review,kaggle
Explain the Oxidation of Saturated Fatty Acids with its Four Basic Steps.,Analyze,Remember,Understand,,needs_educator_review,kaggle
State the procedure for tacheometric contouring?,Apply,Remember,Remember,,needs_educator_review,kaggle
State  detail classification of transducers.,Understand,Remember,Remember,,needs_educator_review,kaggle
Explain construction and principle of working of Centrifugal pump.,Remember,Understand,Understand,,needs_educator_review,kaggle
Explain rotation about an arbitrary point in 2D.,Remember,Apply,Understand,,needs_educator_review,kaggle
Define the chemical interaction indicated by the arrows. Identify the binding region of an antigen on the antibody structure.,Understand,Remember,Remember,,needs_educator_review,kaggle
Explain practical differentiator circuit with neat diagram?,Analyze,Remember,Understand,,needs_educator_review,kaggle
Explain in brief the glue selection criteria for screen making.,Apply,Remember,Understand,,needs_educator_review,kaggle
What is the difference between Inheritance and Containment?,Analyze,Remember,Remember,,needs_educator_review,kaggle
Define with example.,Understand,Remember,Remember,,needs_educator_review,kaggle
Describe the advantages of hydroelectric power plant.,Remember,Understand,Understand,,needs_educator_review,kaggle
Define instructional materials. Provide an example of an instructional material for a subject. ,Understand,Remember,Remember,,needs_educator_review,kaggle
Explain ciruit diagram of schmitt trigger with waveform.,Remember,Analyze,Understand,,needs_educator_review,kaggle
Explain with suitable example the three storage structures for the graph.,Remember,Understand,Understand,,needs_educator_review,kaggle
Explain SMPS with block diagram.,Remember,Understand,Understand,,needs_educator_review,kaggle
Explain the concept of self GMD or GMR for capacitance calculation.,Remember,Understand,Understand,,needs_educator_review,kaggle
Explain the structure of a V86 Task in detail.,Analyze,Remember,Understand,,needs_educator_review,kaggle
Describe with suitable block diagram pulse code modulation transmitter.,Remember,Understand,Understand,,needs_educator_review,kaggle
Explain with appropriate example the feasibility of dam alignment which is crossing DYKE.,Analyze,Remember,Understand,,needs_educator_review,kaggle
Demonstrate the principle of Spot Welding process in brief.,Remember,Apply,Apply,,needs_educator_review,kaggle
Explain the significance of phosphorylated intermediates in glycolysis.,Analyze,Remember,Understand,,needs_educator_review,kaggle
Explain Gibb's phenomenon of Fourier series.,Remember,Understand,Understand,,needs_educator_review,kaggle
Explain the concept of minimum fluidization.,Apply,Understand,Understand,,needs_educator_review,kaggle
Explain use of Fuse.,Apply,Understand,Understand,,needs_educator_review,kaggle
Describe the operation of voltage controlled oscillator with neat block diagram.,Analyze,Understand,Understand,,needs_educator_review,kaggle
Describe in brief process description of manufacture of Olefin by polymerization using phosphoric acid on solid carrier as catalyst.,Apply,Understand,Understand,,needs_educator_review,kaggle
Explain the use of command line arguments.,Analyze,Understand,Understand,,needs_educator_review,kaggle
Explain the importance of project management and its objectives?,Analyze,Understand,Understand,,needs_educator_review,kaggle
Explain PI and PD controller in brief with suitable examples.,Remember,Analyze,Understand,,needs_educator_review,kaggle
Define terms of trade and identify which country has an absolute advantage in the production of jade and diamond. ,Understand,Remember,Remember,,needs_educator_review,kaggle
Analyse the frame shown in figure 4 by slope deflection method. Assume uniform flexural rigidity.,Apply,Analyze,Analyze,,needs_educator_review,kaggle
State performance parameters of transmission line hence explain how ABCD constants are useful for determining these parameters.,Analyze,Remember,Remember,,needs_educator_review,kaggle
Explain grid connected renewable systems and their requipments.,Remember,Understand,Understand,,needs_educator_review,kaggle
Justify steady state depends on relative characteristics of motor and load both.,Analyze,Remember,Evaluate,,needs_educator_review,kaggle
Explain the ring counter design for the initial condition 1010.,Remember,Understand,Understand,,needs_educator_review,kaggle
Identify TWO (2) types of personality that are relevant to aggression. ,Understand,Remember,Remember,,needs_educator_review,kaggle
Explain any FOUR (4) elements of vertical downward communication. Support your explanation with an example for each element on how they are beneficial to an organization. ,Evaluate,Understand,Understand,,needs_educator_review,kaggle
Evaluate the following forms of LISP.,Analyze,Evaluate,Evaluate,,needs_educator_review,kaggle
What is the difference in calculation of self GMD or GMR of inductance and capacitance?,Analyze,Remember,Remember,,needs_educator_review,kaggle
Explain the criteria to be a substantial shareholder in Malaysia. Illustrate what and when a substantial shareholder of a listed company need to comply when he/she holds the directorship in it. ,Evaluate,Understand,Understand,,needs_educator_review,kaggle
Describe the construction and working of the Universal motor with the help of suitable diagrams and state its two applications.,Remember,Understand,Understand,,needs_educator_review,kaggle
Describe detection of PPM with block diagram.,Remember,Understand,Understand,,needs_educator_review,kaggle
Explain the meaning of static and dynamic memories. State their applications.,Remember,Understand,Understand,,needs_educator_review,kaggle
Explain in brief Autoclave variables as one of major engineering problems of urea production process.,Analyze,Understand,Understand,,needs_educator_review,kaggle
Describe the classification of  fault and their engineering significance.,Remember,Understand,Understand,,needs_educator_review,kaggle
Define fold and explain any three types of folds.,Understand,Remember,Remember,,needs_educator_review,kaggle
Construct the Binary Search Tree (BST) from the following data:,Remember,Apply,Create,,needs_educator_review,kaggle
Explain the importnce accessories of jig and fixture.,Remember,Understand,Understand,,needs_educator_review,kaggle
Classify C.,Remember,Understand,Understand,,needs_educator_review,kaggle
Explain various rules for development of Ladder diagram.,Analyze,Remember,Understand,,needs_educator_review,kaggle
Evaluate following postfix expression with the help of stack.,Apply,Analyze,Evaluate,,needs_educator_review,kaggle
Explain the process of Enabling and Disabling Interrupts in 80386.,Remember,Analyze,Understand,,needs_educator_review,kaggle
Explain the concept of current mirror circuit?,Remember,Understand,Understand,,needs_educator_review,kaggle
Describe the effect of compaction on properties of soil.,Remember,Understand,Understand,,needs_educator_review,kaggle
Explain various types of conformation in ethane molecule using P.,Analyze,Remember,Understand,,needs_educator_review,kaggle
Explain S-R flip-flop using NOR gates.,Remember,Apply,Understand,,needs_educator_review,kaggle
Explain adjustable voltage regulator using LM317.,Remember,Apply,Understand,,needs_educator_review,kaggle
Explain extrusion operation with its schematic diagram.,Remember,Analyze,Understand,,needs_educator_review,kaggle
Explain the TSS descriptor of 80386 with a neat diagram.,Remember,Analyze,Understand,,needs_educator_review,kaggle
State the circumstances under which you will use the following types of stairs.,Apply,Remember,Remember,,needs_educator_review,kaggle
Distinguish between synchronous and asynchronous serial communication.,Remember,Analyze,Analyze,,needs_educator_review,kaggle
Explain Artificial Neural Networks with suitable examples?,Analyze,Remember,Understand,,needs_educator_review,kaggle
Describe in brief the various preventive measures against landslides.,Remember,Understand,Understand,,needs_educator_review,kaggle
Explain the registers in microprocessor.,Remember,Understand,Understand,,needs_educator_review,kaggle
Explain different types of hazards that occur in a pipeline.,Remember,Understand,Understand,,needs_educator_review,kaggle
Explain Memory Partitioning in memory management.,Remember,Understand,Understand,,needs_educator_review,kaggle
Explain in brief poly urethanes.,Analyze,Remember,Understand,,needs_educator_review,kaggle
Explain Black box testing with its advantages.,Analyze,Understand,Understand,,needs_educator_review,kaggle
Explain conditioning in packaging.,Remember,Understand,Understand,,needs_educator_review,kaggle
Describe THREE (3) deposit liabilities for commercial banks. ,Remember,Understand,Understand,,needs_educator_review,kaggle
Explain with a neat sketch screw conveyor.,Analyze,Remember,Understand,,needs_educator_review,kaggle
Describe the advantages of Product Standardization. ,Remember,Understand,Understand,,needs_educator_review,kaggle
Explain working of the POP3 protocol with advantages and disadvantages.,Remember,Understand,Understand,,needs_educator_review,kaggle
Describe the Concept of Culture.,Remember,Understand,Understand,,needs_educator_review,kaggle
Identify and explain another graphical diagram besides network diagram which is useful for planning and scheduling. Evaluate the graphical diagram. ,Evaluate,Analyze,Remember,,needs_educator_review,kaggle
Design low pass first order Butterworth filter having cut off frequency 1 kHz with  passband gain of 2.,Apply,Remember,Create,,needs_educator_review,kaggle
Explain any one electrical method for measurement of level.,Apply,Remember,Understand,,needs_educator_review,kaggle
Explain the ferrocement technology with its applications.,Remember,Analyze,Understand,,needs_educator_review,kaggle
Define filter.,Understand,Remember,Remember,,needs_educator_review,kaggle
What is the difference between Testing and debugging?,Analyze,Remember,Remember,,needs_educator_review,kaggle
Interpret the terms multitasking and multiprocessing and multithreading in Java with example.,Apply,Understand,Understand,,needs_educator_review,kaggle
Explain in detail the functions of ADCON0 SFR of PIC18 microcontroller.,Apply,Analyze,Understand,,needs_educator_review,kaggle
Explain concept of Virtual Memory.,Remember,Understand,Understand,,needs_educator_review,kaggle
Explain nucleonic method for level measurement with a neat diagram.,Remember,Apply,Understand,,needs_educator_review,kaggle
Explain the project planning activities.,Analyze,Understand,Understand,,needs_educator_review,kaggle
Explain the Segment Translation Process with a neat diagram of 80386.,Remember,Analyze,Understand,,needs_educator_review,kaggle
Explain the contents of Projet Feasibility report with example.,Remember,Analyze,Understand,,needs_educator_review,kaggle
List and Explain any one Architecture of Parallel databases with neat diagram.,Analyze,Remember,Remember,,needs_educator_review,kaggle
List the advantages and limitations of protein crystal structure determination using X-Ray crystallography. ,Understand,Remember,Remember,,needs_educator_review,kaggle
Explain linked list sorting with example.,Evaluate,Remember,Understand,,needs_educator_review,kaggle
Explain voltage to current converter with floating load?,Analyze,Remember,Understand,,needs_educator_review,kaggle
Explain deferred database modification and immediate database modification and there difference in the context of recovery.,Remember,Analyze,Understand,,needs_educator_review,kaggle
List the factors affecting compaction and explain the effect of compaction on any four soil properties.,Understand,Remember,Remember,,needs_educator_review,kaggle
Explain Titration curve for 0.,Remember,Apply,Understand,,needs_educator_review,kaggle
Define a tree.,Understand,Remember,Remember,,needs_educator_review,kaggle
Explain various parts Fold and any three types of fold with neat sketches.,Remember,Understand,Understand,,needs_educator_review,kaggle
Explain containment and Inheritance along with examples.,Remember,Analyze,Understand,,needs_educator_review,kaggle
Explain the change control mechanism in SCM.,Remember,Understand,Understand,,needs_educator_review,kaggle
Explain phases in Verification and Validation model with suitable diagram.,Remember,Understand,Understand,,needs_educator_review,kaggle
Explain in detail corrosion monitoring techniques of reinforcement and preventive measures against corrosion.,Remember,Understand,Understand,,needs_educator_review,kaggle
Explain SCTP protocol in detail.,Remember,Analyze,Understand,,needs_educator_review,kaggle
State any four applications of DC Series motor.,Understand,Remember,Remember,,needs_educator_review,kaggle
Design and discuss the project decomposition and work task communication process.,Remember,Understand,Create,,needs_educator_review,kaggle
Explain the interface design steps.,Analyze,Remember,Understand,,needs_educator_review,kaggle
Explain the following functions used to handle GPIO in AT mega 328P Arduino board with suitable example.,Analyze,Understand,Understand,,needs_educator_review,kaggle
Describe the different factors affecting the evaporation operation.,Apply,Remember,Understand,,needs_educator_review,kaggle
Explain the circuit diagram of level shifter.,Remember,Understand,Understand,,needs_educator_review,kaggle
Explain geometrical isomerism in compound with one double bond.,Analyze,Understand,Understand,,needs_educator_review,kaggle
Describe the function of International Monetary Fund (IMF).,Remember,Understand,Understand,,needs_educator_review,kaggle
Explain with appropriate example the feasibility of dam alignment which is crossing a DYKE.,Analyze,Remember,Understand,,needs_educator_review,kaggle
Explain construction of brushless DC motor.,Remember,Understand,Understand,,needs_educator_review,kaggle
Compute GCD of the following using Euclidean algorithm.,Remember,Apply,Apply,,needs_educator_review,kaggle
Differentiate between brass and bronze?,Remember,Analyze,Analyze,,needs_educator_review,kaggle
What is threaded binary search tree.,Understand,Remember,Remember,,needs_educator_review,kaggle
Describe in detail about purification of protein by affinity chromatography.,Analyze,Understand,Understand,,needs_educator_review,kaggle
Explain the effect of water cement ratio and effect of maximum size of aggregate on the strength of concrete.,Remember,Analyze,Understand,,needs_educator_review,kaggle
Use minimum 8 functions of vector STL.,Remember,Analyze,Apply,,needs_educator_review,kaggle
Explain in detail the working of wheatstone bridge with equations.,Analyze,Remember,Understand,,needs_educator_review,kaggle
State the necessity of FRL unit in Pneumatic System.,Understand,Remember,Remember,,needs_educator_review,kaggle
What is the need of electric vehicle?,Understand,Remember,Remember,,needs_educator_review,kaggle
Explain construction and working principle of Kaplan Turbine with application.,Remember,Understand,Understand,,needs_educator_review,kaggle
Explain briefly EDM process characteristics.,Remember,Understand,Understand,,needs_educator_review,kaggle
Explain in brief the importance of preliminary geological exploration in civil engineering project.,Remember,Understand,Understand,,needs_educator_review,kaggle
Explain Ultrasonic method for level measurement with suitable diagram.,Apply,Remember,Understand,,needs_educator_review,kaggle
Explain the factors affecting Compaction of soil.,Remember,Understand,Understand,,needs_educator_review,kaggle
Explain virtual base class and virtual function with example.,Analyze,Remember,Understand,,needs_educator_review,kaggle
Describe CPSR of ARM7 in detail along with diagram and use of SPSR.,Analyze,Apply,Understand,,needs_educator_review,kaggle
Explain the types of HMI?,Analyze,Remember,Understand,,needs_educator_review,kaggle
Explain with appropriate example how schedule can be prepare using PERT.,Analyze,Understand,Understand,,needs_educator_review,kaggle
Define CDF and state any four properties of CDF.,Understand,Remember,Remember,,needs_educator_review,kaggle
Explain the function of CCP1CON SFR along with its format.,Analyze,Remember,Understand,,needs_educator_review,kaggle
Explain Vant Hoff Boyles law and Vant Hoff Charles law and combine form.,Analyze,Understand,Understand,,needs_educator_review,kaggle
"Explain the SOC, EOC, & OE pin of ADC 0809.",Remember,Understand,Understand,,needs_educator_review,kaggle
Explain the disaggregation of tissue with trypsinization and its significance.,Analyze,Remember,Understand,,needs_educator_review,kaggle
State and explain the physical significance for following properties for CT signals.,Understand,Remember,Remember,,needs_educator_review,kaggle
Calculate moment at supports for the frame as shown in figure 7 by moment distribution method and draw BMD.,Analyze,Apply,Apply,,needs_educator_review,kaggle
Explain the following concept.,Remember,Understand,Understand,,needs_educator_review,kaggle
Explain method overriding with a suitable example program.,Remember,Analyze,Understand,,needs_educator_review,kaggle
Explain any three errors in induction type energy meter in detail.,Analyze,Remember,Understand,,needs_educator_review,kaggle
Construct Minimal spanning tree for the following graphs using prims algorithm.,Remember,Apply,Create,,needs_educator_review,kaggle
Construct A VL tree for following sequence of keys.,Remember,Apply,Create,,needs_educator_review,kaggle
Explain briefly the procedure of conducting Unconfined Compression Test on clayey soil sample. Draw Mohrâs circle for the test.,Remember,Understand,Understand,,needs_educator_review,kaggle
Explain 3 position relative pole method for synthesis of four bar chain mechanism.,Remember,Apply,Understand,,needs_educator_review,kaggle
Explain the concept of GPIO in AT mega328P.,Analyze,Understand,Understand,,needs_educator_review,kaggle
Describe the economic growth and FOUR (4) sources of economic growth. ,Remember,Understand,Understand,,needs_educator_review,kaggle
Explain PLL operation in detail with neat block diagram.,Remember,Understand,Understand,,needs_educator_review,kaggle
Define Graph.,Understand,Remember,Remember,,needs_educator_review,kaggle
Explain class template using multiple parameters?,Apply,Remember,Understand,,needs_educator_review,kaggle
Construct a Radial Drilling Machine and Explain.,Remember,Apply,Create,,needs_educator_review,kaggle
Explain with neat diagram how is Lissajous pattern used for phase measurement?,Apply,Remember,Understand,,needs_educator_review,kaggle
Classify continuous control modes used in process control system and explain PID controller with suitable example.,Analyze,Remember,Understand,,needs_educator_review,kaggle
Explain block diagram of digital computer.,Remember,Understand,Understand,,needs_educator_review,kaggle
Explain Rebhannâ s graphical method for determination of earth pressure on retaining wall.,Apply,Remember,Understand,,needs_educator_review,kaggle
Explain Different type of join with suitable example.,Remember,Analyze,Understand,,needs_educator_review,kaggle
List various types of direction control valve.,Understand,Remember,Remember,,needs_educator_review,kaggle
Explain the classification based on their physical characteristics.,Remember,Understand,Understand,,needs_educator_review,kaggle
Explain carnot cycle with neat diagram.,Remember,Understand,Understand,,needs_educator_review,kaggle
Explain the main disadvantage of Lineweaver-Burk plot. Suggest an alternative method to Lineweaver-Burk plot. ,Create,Analyze,Understand,,needs_educator_review,kaggle
State the importance of finally blocks.,Analyze,Remember,Remember,,needs_educator_review,kaggle
Explain generation of sine waveform using OPAMP. Draw input & output wave froms,Remember,Apply,Understand,,needs_educator_review,kaggle
Explain building meterial used for green building.,Remember,Understand,Understand,,needs_educator_review,kaggle
Compare stack with Queue.,Remember,Analyze,Analyze,,needs_educator_review,kaggle
Explain sill and Dyke as igneous intrusions.,Remember,Understand,Understand,,needs_educator_review,kaggle
Explain the six regimes of the pool boiling curve with the help of a neat diagram.,Remember,Analyze,Understand,,needs_educator_review,kaggle
Explain the function of the following component in HPP :,Remember,Apply,Understand,,needs_educator_review,kaggle
Describe primitive data types.,Analyze,Remember,Understand,,needs_educator_review,kaggle
Explain voltage Divider using multiplier 534.,Remember,Apply,Understand,,needs_educator_review,kaggle
Explain any Electric vehicle in detail.,Remember,Understand,Understand,,needs_educator_review,kaggle
Define load factor and shape factor.,Understand,Remember,Remember,,needs_educator_review,kaggle
Identify the compounds A and B in the following reactions.,Analyze,Remember,Remember,,needs_educator_review,kaggle
Explain the drawback of Sequential File Organization.,Analyze,Remember,Understand,,needs_educator_review,kaggle
Explain the benefit if environment management system.,Remember,Understand,Understand,,needs_educator_review,kaggle
Explain different types of microbial interactions in environment with examples.,Analyze,Remember,Understand,,needs_educator_review,kaggle
Explain Tools and Techniques used in the Method Study.,Analyze,Understand,Understand,,needs_educator_review,kaggle
Explain in brief about the modification in squirrel cage motor with deep bar rotor construction and state the advantages of this modifiedconstruction.,Remember,Understand,Understand,,needs_educator_review,kaggle
Describe compading methods ï­-law and A - law.,Remember,Analyze,Understand,,needs_educator_review,kaggle
Explain the following characteristics of TTL logic families.,Remember,Analyze,Understand,,needs_educator_review,kaggle
Explain working of radial drilling machine.,Remember,Analyze,Understand,,needs_educator_review,kaggle
Explain any two vitamin deficiencies.,Analyze,Remember,Understand,,needs_educator_review,kaggle
Explain with a neat diagram winter air conditioning.,Apply,Remember,Understand,,needs_educator_review,kaggle
Describe in brief unit operations and unit processes involved in refinery processes of crude oil.,Apply,Understand,Understand,,needs_educator_review,kaggle
Explain the Dining Philosopher problem with the help of pseudo code.,Remember,Analyze,Understand,,needs_educator_review,kaggle
Explain LED interfacing with 8051 microcontroller.,Remember,Apply,Understand,,needs_educator_review,kaggle
Explain Benson Boiler with a schematic diagram.,Remember,Apply,Understand,,needs_educator_review,kaggle
Use fourier transform to solve.,Analyze,Apply,Apply,,needs_educator_review,kaggle
State 'corporate governance' definition as mentioned in Cadbury Report (1992). Explain Malaysian Code on Corporate Governance (MCCG) 2017 âcorporate governance' definition in details. ,Understand,Remember,Remember,,needs_educator_review,kaggle
Explain the factors affecting the concrete mix design.,Remember,Understand,Understand,,needs_educator_review,kaggle
Explain the block diagram of electric vehicles State advantages and limitations of Unit 6.,Remember,Understand,Understand,,needs_educator_review,kaggle
Explain how control transfer instructions are executed using the call gate in the system?,Analyze,Understand,Understand,,needs_educator_review,kaggle
Explain ISA sequence in Alarm Annunciation system.,Analyze,Understand,Understand,,needs_educator_review,kaggle
Explain the Concept of Acceleration Image Principal.,Remember,Understand,Understand,,needs_educator_review,kaggle
Explain the following for hydraulic turbine.,Remember,Understand,Understand,,needs_educator_review,kaggle
State the classification and applications of Photogrammetry in surveying.,Understand,Remember,Remember,,needs_educator_review,kaggle
Differentiate between Standard Proctor Test and Modified Proctor Test. Draw typical compaction curve for both the tests.,Remember,Analyze,Analyze,,needs_educator_review,kaggle
"Explain with sketch the fixed hair method of tacheometry, when line of sight is inclined downward (depression) and staff is held vertical?",Remember,Apply,Understand,,needs_educator_review,kaggle
Explain the Nitriding process in detail with a suitable diagram.,Remember,Analyze,Understand,,needs_educator_review,kaggle
Explain the function of an electromechanical relay and draw an interfacing diagram of relay with microcontroller 8051 with suitable driver circuit.,Remember,Analyze,Understand,,needs_educator_review,kaggle
Explain impact of temperature and insolation on I-V curves of PV cells.,Remember,Analyze,Understand,,needs_educator_review,kaggle
Explain along with fig Types of Rolling Contact Bearings.,Analyze,Remember,Understand,,needs_educator_review,kaggle
Explain the construction and working of the shaded pole induction motor with the help of a suitable diagram.,Remember,Understand,Understand,,needs_educator_review,kaggle
State the various methods of Project Monitoring.,Understand,Remember,Remember,,needs_educator_review,kaggle
Describe color wheel. ,Remember,Understand,Understand,,needs_educator_review,kaggle
Explain in detail the working of square wave generators with a neat circuit diagram.,Remember,Understand,Understand,,needs_educator_review,kaggle
Explain the Configuration of a series Hybrid EV .,Remember,Understand,Understand,,needs_educator_review,kaggle
Explain the cold and hot weather concreting.,Apply,Remember,Understand,,needs_educator_review,kaggle
What is fire escape and explain any one fire escape elements?,Understand,Remember,Remember,,needs_educator_review,kaggle
Explain the concept of Tristate logic.,Remember,Understand,Understand,,needs_educator_review,kaggle
Describe effect of wall moment with respect to earth pressure.,Remember,Analyze,Understand,,needs_educator_review,kaggle
Distinguish between DM and ADM.,Remember,Analyze,Analyze,,needs_educator_review,kaggle
Explain photolysis of water molecules using coordination catalysis.,Analyze,Understand,Understand,,needs_educator_review,kaggle
Explain necessity of nitrogeneous fertilizers produced from Ammonia.,Analyze,Understand,Understand,,needs_educator_review,kaggle
Explain Welding Inspection briefly.,Remember,Understand,Understand,,needs_educator_review,kaggle
Explain Producer and consumer problem in Classical Synchronization.,Remember,Understand,Understand,,needs_educator_review,kaggle
What is the difference between dielectric material and insulating material?,Analyze,Remember,Remember,,needs_educator_review,kaggle
Explain the strong acid strong base titration with the help of titration curve and indicators.,Analyze,Apply,Understand,,needs_educator_review,kaggle
Explain sequence of events that occur in Fetch cycle symbolically with diagram at each stage.,Analyze,Understand,Understand,,needs_educator_review,kaggle
Outline how storage buffers may be deployed in automated production lines.,Remember,Analyze,Understand,,needs_educator_review,kaggle
Explain rotation about an arbitrary axis in 3D.,Apply,Remember,Understand,,needs_educator_review,kaggle
Explain significance of any three dimensionless numbers used in various modes of heat transfer for thermal analysis.,Remember,Understand,Understand,,needs_educator_review,kaggle
State 3 advantages and 3 disadvantages of LVDT.,Understand,Remember,Remember,,needs_educator_review,kaggle
Differentiate between Terrestrial photogrammetry and Aerial photogrammetry?,Remember,Analyze,Analyze,,needs_educator_review,kaggle
Classify different types of ADC and explain iwth diagram dual scope ADC.,Remember,Understand,Understand,,needs_educator_review,kaggle
Define soil horizon and relate it with soil profile. ,Understand,Remember,Remember,,needs_educator_review,kaggle
State the significance of âScoreâ in the BlastX alignment. ,Understand,Remember,Remember,,needs_educator_review,kaggle
Differentiate friend function with normal function of the class.,Remember,Analyze,Analyze,,needs_educator_review,kaggle
Describe the process to carry out work sampling study.,Remember,Understand,Understand,,needs_educator_review,kaggle
Explain the condition of Reciprocity & Symmetry by giving Example.,Remember,Understand,Understand,,needs_educator_review,kaggle
Explain Linked List class with an example.,Apply,Remember,Understand,,needs_educator_review,kaggle
Explain theory of indicators and also explain a difference of 2 PH is required for colour change.,Analyze,Remember,Understand,,needs_educator_review,kaggle
Explain resource smoothing and leveling.,Remember,Understand,Understand,,needs_educator_review,kaggle
Describe Circumstances under which you would choose to use Embedded SQL than normal SQL or only a general purposeprogramming Language.,Analyze,Evaluate,Understand,,needs_educator_review,kaggle
Explain and compare diffuse and specular reflection.,Apply,Analyze,Understand,,needs_educator_review,kaggle
State two differences between a JFET and a BJT. ,Understand,Remember,Remember,,needs_educator_review,kaggle
Describe any two software size estimation techniques.,Remember,Understand,Understand,,needs_educator_review,kaggle
Classify solid insulating materials according to the temperature ranges. Hence write properties and applications of any two materials from ClassA type.,Remember,Understand,Understand,,needs_educator_review,kaggle
Explain basic concept of A VL tree.,Remember,Understand,Understand,,needs_educator_review,kaggle
Define is inheritance.,Apply,Remember,Remember,,needs_educator_review,kaggle
Develop relation between âZâ parameter and transmission parameter .,Analyze,Create,Create,,needs_educator_review,kaggle
 Explain in brief test driven development.,Analyze,Remember,Understand,,needs_educator_review,kaggle
Describe the challenges in global advertising. ,Remember,Understand,Understand,,needs_educator_review,kaggle
Explain the various methods of speed control of Dc series motor?,Remember,Understand,Understand,,needs_educator_review,kaggle
Explain ultrasonic method for level measurement with a neat diagram.,Remember,Apply,Understand,,needs_educator_review,kaggle
Explain in brief mechanisms of pyrolysis and cracking.,Analyze,Apply,Understand,,needs_educator_review,kaggle
Explain in detail block diagram of electrical drives.,Remember,Understand,Understand,,needs_educator_review,kaggle
Explain in detail with Diagram.,Analyze,Remember,Understand,,needs_educator_review,kaggle
Distinguish singly linked list and doubly linked list.,Remember,Apply,Analyze,,needs_educator_review,kaggle
"Distinguish between Ideal sampling, Natural sampling and Flat-Top sampling.",Remember,Analyze,Analyze,,needs_educator_review,kaggle
Describe properties and applications of Constantan and Brass.,Remember,Understand,Understand,,needs_educator_review,kaggle
State the Dirichlet conditions for the existence of Fourier Series.,Understand,Remember,Remember,,needs_educator_review,kaggle
Explain with example K dimensional tree.,Analyze,Remember,Understand,,needs_educator_review,kaggle
Explain the operation of Dual Slope ADC.,Remember,Understand,Understand,,needs_educator_review,kaggle
Explain need of operator overloading.,Analyze,Remember,Understand,,needs_educator_review,kaggle
Explain the interrupt structure of PIC18 microcontroller along with IVT.,Analyze,Apply,Understand,,needs_educator_review,kaggle
Explain the selection sort with algorithm sort the following no.,Analyze,Apply,Understand,,needs_educator_review,kaggle
Explain with diagram the operation of an adjustable voltage regulater using IC LM 317.,Remember,Apply,Understand,,needs_educator_review,kaggle
Explain the role of technology in innovation.,Analyze,Understand,Understand,,needs_educator_review,kaggle
Explain the concept of ISO 14000.,Remember,Understand,Understand,,needs_educator_review,kaggle
Identify FOUR (4) factors that affect the willingness of people to perform prosocial behaviors. ,Understand,Remember,Remember,,needs_educator_review,kaggle
State and explain superposition theorem.,Understand,Remember,Remember,,needs_educator_review,kaggle
Explain the how open traversing surveying work is conducted.,Remember,Understand,Understand,,needs_educator_review,kaggle
Explain practical differentiator circuit with neat circuit diagram. What are the limitation of ideal differentiator.,Remember,Understand,Understand,,needs_educator_review,kaggle
State the working and uses of Electronic Total Station.,Understand,Remember,Remember,,needs_educator_review,kaggle
State and explain Henrys law and give its applications.,Analyze,Remember,Remember,,needs_educator_review,kaggle
Explain the important components of gas chromatography.,Analyze,Understand,Understand,,needs_educator_review,kaggle
Explain steps for design of dog legged staircase.,Apply,Remember,Understand,,needs_educator_review,kaggle
Describe the Timer modes in 8051 microcontrollers.,Remember,Understand,Understand,,needs_educator_review,kaggle
Explain Edge connectivity and Vertex Connectivity with suitable example.,Analyze,Remember,Understand,,needs_educator_review,kaggle
Compare IEEE 802.,Remember,Analyze,Analyze,,needs_educator_review,kaggle
List and explain the reason why the aggregate demand curve is downward slopping.,Understand,Remember,Remember,,needs_educator_review,kaggle
Explain various stages of combustion in S.,Remember,Understand,Understand,,needs_educator_review,kaggle
Explain combination die with schematic sketch.,Remember,Analyze,Understand,,needs_educator_review,kaggle
Define fault and explain the significance of fault in Civil Engineering.,Understand,Remember,Remember,,needs_educator_review,kaggle
Explain any four IoT network protocols?,Analyze,Remember,Understand,,needs_educator_review,kaggle
Explain Additive colour theory and subtractive colour theory.,Remember,Analyze,Understand,,needs_educator_review,kaggle
Analyze the beam shown in figure 4 by moment distribution method.,Apply,Analyze,Analyze,,needs_educator_review,kaggle
Explain chain drive with its different types.,Remember,Analyze,Understand,,needs_educator_review,kaggle
Explain any four extrusion process variables with sketch.,Remember,Analyze,Understand,,needs_educator_review,kaggle
Explain any two renewable generation methods with their advantages and drawbacks.,Remember,Understand,Understand,,needs_educator_review,kaggle
Differentiate between Kaplan and Pelton wheel turbine.,Remember,Analyze,Analyze,,needs_educator_review,kaggle
What is unconformity and Describe various types of unconformities.,Understand,Remember,Remember,,needs_educator_review,kaggle
Explain Hilbert curve and give its fractal dimension.,Remember,Analyze,Understand,,needs_educator_review,kaggle
Explain the concept of iterators in the STL.,Analyze,Understand,Understand,,needs_educator_review,kaggle
Explain the working of Inverting Comparator.,Remember,Understand,Understand,,needs_educator_review,kaggle
Describe the application of remote sensing in civil engg.,Apply,Understand,Understand,,needs_educator_review,kaggle
List different types of fuses and Explain working of any one in detail.,Understand,Remember,Remember,,needs_educator_review,kaggle
Define PDF and state four properties of PDF.,Understand,Remember,Remember,,needs_educator_review,kaggle
Explain briefly USM process characteristics.,Remember,Understand,Understand,,needs_educator_review,kaggle
Describe different methods of record blocking with the help of a neat diagram.,Remember,Analyze,Understand,,needs_educator_review,kaggle
Explain the Surge in Springs.,Remember,Understand,Understand,,needs_educator_review,kaggle
Explain the significance of a file.,Remember,Understand,Understand,,needs_educator_review,kaggle
Differentiate between NBFM and WBFM.,Remember,Analyze,Analyze,,needs_educator_review,kaggle
"Contrast the following basic BLAST programs: PSI-BLAST, PHI-BLAST and tBLASTX.",Understand,Analyze,Analyze,,needs_educator_review,kaggle
"Explain earth pressure at rest, active earth pressure and passive earth pressure w.r.t. wall movement with sketches.",Remember,Apply,Understand,,needs_educator_review,kaggle
Explain extrusion of plastic.,Analyze,Remember,Understand,,needs_educator_review,kaggle
Explain instruction level and machine parallelism.,Remember,Understand,Understand,,needs_educator_review,kaggle
Explain the concept of thermal diffusivity and thermal contact resistance.,Remember,Understand,Understand,,needs_educator_review,kaggle
Describe the cold and hot weather concreting.,Remember,Apply,Understand,,needs_educator_review,kaggle
Calculate Molarity and Normality of solution containing 0.,Analyze,Apply,Apply,,needs_educator_review,kaggle
Explain Intrusion Detection System with merits and demerits.,Apply,Remember,Understand,,needs_educator_review,kaggle
Explain Pre-emphasis and De-emphasis in detail.,Remember,Understand,Understand,,needs_educator_review,kaggle
State the difference between character and byte stream in Java.,Apply,Remember,Remember,,needs_educator_review,kaggle
Define the importance of Project estimation.,Analyze,Remember,Remember,,needs_educator_review,kaggle
Explain with suitable example the techniques to represent a Graph.,Remember,Analyze,Understand,,needs_educator_review,kaggle
Explain in details Fajans method for precipitaion titration.,Apply,Remember,Understand,,needs_educator_review,kaggle
Explain Current mirror circuit with neat diagram.,Remember,Understand,Understand,,needs_educator_review,kaggle
Explain the repository features with respect to software configuration management.,Analyze,Understand,Understand,,needs_educator_review,kaggle
"Explain Proportional mode, Integral Mode and Derivative Mode.",Remember,Understand,Understand,,needs_educator_review,kaggle
"Explain the concept of ""inflation.""",Remember,Understand,Understand,,needs_educator_review,kaggle
Describe the taste and texture of your favorite dessert.,Remember,Understand,Understand,,needs_educator_review,kaggle
Describe the process of photosynthesis in plants.,Remember,Understand,Understand,,needs_educator_review,kaggle
"Describe the concept of ""artificial intelligence.""",Remember,Understand,Understand,,needs_educator_review,kaggle
Describe the taste of a perfectly ripe mango.,Remember,Understand,Understand,,needs_educator_review,kaggle
Describe the process of mitosis in cell division.,Remember,Understand,Understand,,needs_educator_review,kaggle
Describe the physical sensations of riding a roller coaster.,Remember,Understand,Understand,,needs_educator_review,kaggle
Describe the process of cellular respiration in detail.,Remember,Understand,Understand,,needs_educator_review,kaggle
Explain the principles of algebraic equations and solve a given equation.,Remember,Apply,Understand,,needs_educator_review,kaggle
Describe the role of enzymes in biochemical reactions.,Remember,Understand,Understand,,needs_educator_review,kaggle
Explain the differences between prokaryotic and eukaryotic cells.,Remember,Understand,Understand,,needs_educator_review,kaggle
Explain the principles of democratic governance.,Remember,Understand,Understand,,needs_educator_review,kaggle
Describe the properties of acids and bases and their pH scale.,Remember,Understand,Understand,,needs_educator_review,kaggle
Explain the theory of evolution and natural selection.,Remember,Understand,Understand,,needs_educator_review,kaggle
Describe the principles of market economy and supply-demand dynamics.,Remember,Understand,Understand,,needs_educator_review,kaggle
Compare and contrast the advantages of both options.,Understand,Analyze,Analyze,,needs_educator_review,kaggle
Differentiate between these two species of birds.,Understand,Analyze,Analyze,,needs_educator_review,kaggle
Contrast the economic policies of the two candidates.,Understand,Analyze,Analyze,,needs_educator_review,kaggle
Differentiate between velocity and acceleration.,Understand,Analyze,Analyze,,needs_educator_review,kaggle
Compare and contrast traditional learning and online learning.,Understand,Analyze,Analyze,,needs_educator_review,kaggle
Differentiate between renewable and non-renewable energy sources.,Understand,Analyze,Analyze,,needs_educator_review,kaggle
Contrast the features of Android and iOS operating systems.,Understand,Analyze,Analyze,,needs_educator_review,kaggle
Differentiate between classical and operant conditioning.,Understand,Analyze,Analyze,,needs_educator_review,kaggle
Contrast the characteristics of rural and urban living.,Understand,Analyze,Analyze,,needs_educator_review,kaggle
Contrast the ideologies of conservatism and liberalism.,Understand,Analyze,Analyze,,needs_educator_review,kaggle
Contrast the features of analog and digital technology.,Understand,Analyze,Analyze,,needs_educator_review,kaggle
Differentiate between correlation and causation.,Understand,Analyze,Analyze,,needs_educator_review,kaggle
Differentiate between deductive and inductive arguments.,Understand,Analyze,Analyze,,needs_educator_review,kaggle
Contrast the characteristics of introverts and extroverts.,Understand,Analyze,Analyze,,needs_educator_review,kaggle
Compare and contrast communism and fascism.,Understand,Analyze,Analyze,,needs_educator_review,kaggle
Differentiate between nominal and ordinal data,Understand,Analyze,Analyze,,needs_educator_review,kaggle
Contrast the themes of love and sacrifice in literature.,Understand,Analyze,Analyze,,needs_educator_review,kaggle
Contrast the characteristics of authoritarian and authoritative leadership.,Understand,Analyze,Analyze,,needs_educator_review,kaggle
Contrast the characteristics of city life and rural life.,Understand,Analyze,Analyze,,needs_educator_review,kaggle
Differentiate between empirical and theoretical research.,Understand,Analyze,Analyze,,needs_educator_review,kaggle
Differentiate between normative and descriptive ethics.,Understand,Analyze,Analyze,,needs_educator_review,kaggle
Summarize the key points of the presentation.,Evaluate,Understand,Understand,,needs_educator_review,kaggle
Summarize the steps of the scientific method.,Evaluate,Understand,Understand,,needs_educator_review,kaggle
Summarize the main themes of a novel.,Evaluate,Understand,Understand,,needs_educator_review,kaggle
Summarize the findings of a psychology study.,Evaluate,Understand,Understand,,needs_educator_review,kaggle
Summarize the findings of an economic analysis.,Evaluate,Understand,Understand,,needs_educator_review,kaggle
Summarize the main findings of a medical study.,Evaluate,Understand,Understand,,needs_educator_review,kaggle
Summarize the key points of a historical analysis.,Evaluate,Understand,Understand,,needs_educator_review,kaggle
What is the process of discriminating between various concepts?,Evaluate,Remember,Remember,,needs_educator_review,kaggle
Compare two innovative solutions to a common problem.,Evaluate,Apply,Analyze,,needs_educator_review,kaggle
Compare the strengths and weaknesses of two marketing strategies.,Evaluate,Analyze,Analyze,,needs_educator_review,kaggle
Explain the importance of using definite criteria in performance appraisals.,Evaluate,Analyze,Understand,,needs_educator_review,kaggle
Evaluate the ethical implications of using facial recognition technology for law enforcement and surveillance purposes.,Apply,Evaluate,Evaluate,,needs_educator_review,kaggle
"Compare the different cloud service models (IaaS, PaaS, SaaS) and deployment models (public cloud, private cloud, hybrid cloud), discussing their benefits and limitations.",Understand,Analyze,Analyze,,needs_educator_review,kaggle
"Evaluate the scalability of various cloud computing service models (e.g., IaaS, PaaS, SaaS) for enterprise applications.",Analyze,Evaluate,Evaluate,,needs_educator_review,kaggle
Analyze the trade-offs between using rule-based systems and machine learning approaches for decision-making in expert systems.,Apply,Analyze,Analyze,,needs_educator_review,kaggle
Analyze the impact of urbanization on water resources and propose sustainable water management strategies.,Apply,Analyze,Analyze,,needs_educator_review,kaggle
"Compare the principles of static and dynamic equilibrium in mechanical systems, discussing their implications for stability and motion analysis.",Understand,Analyze,Analyze,,needs_educator_review,kaggle
Analyze the impact of material properties on the performance of mechanical components in extreme operating conditions.,Apply,Analyze,Analyze,,needs_educator_review,kaggle
Analyze the ethical implications of data mining techniques used by social media platforms for targeted advertising and user profiling.,Apply,Evaluate,Analyze,,needs_educator_review,kaggle
Evaluate the feasibility of using unmanned aerial vehicles (drones) for inspection and monitoring of civil infrastructure.,Apply,Evaluate,Evaluate,,needs_educator_review,kaggle
Analyze the impact of software piracy on the software industry and propose ethical solutions to address this issue.,Apply,Analyze,Analyze,,needs_educator_review,kaggle
Describe the significance of a salt in password hashing algorithms?,Remember,Understand,Understand,,needs_educator_review,kaggle
"Compare the advantages and disadvantages of imperative and declarative programming paradigms, citing examples for each.",Understand,Analyze,Analyze,,needs_educator_review,kaggle
Describe the process of setting up a VPN tunnel between two sites using IPsec (Internet Protocol Security)?,Remember,Understand,Understand,,needs_educator_review,kaggle
Evaluate the feasibility of using blockchain technology for ensuring the integrity and transparency of government elections.,Apply,Evaluate,Evaluate,,needs_educator_review,kaggle
"Evaluate the impact of feature selection methods (e.g., filter methods, wrapper methods, embedded methods) on the performance of machine learning models.",Analyze,Evaluate,Evaluate,,needs_educator_review,kaggle
Evaluate the effectiveness of using computational fluid dynamics (CFD) simulations for analyzing airflow around vehicles.,Apply,Evaluate,Evaluate,,needs_educator_review,kaggle
Evaluate the trade-offs between using shallow and deep learning models for tasks such as feature extraction and pattern recognition in high-dimensional data.,Analyze,Apply,Evaluate,,needs_educator_review,kaggle
"Differentiate between synchronous and asynchronous communication in distributed systems, illustrating with examples of each.",Understand,Analyze,Analyze,,needs_educator_review,kaggle
Compare and contrast different routing protocols used in wireless sensor networks and analyze their suitability for various applications.,Apply,Analyze,Analyze,,needs_educator_review,kaggle
Analyze the potential environmental impacts of using internal combustion engines versus electric motors in automotive propulsion systems.,Apply,Analyze,Analyze,,needs_educator_review,kaggle
Examine the difference between static and dynamic linking in software development?,Remember,Analyze,Analyze,,needs_educator_review,kaggle
Evaluate the trade-offs between using a synchronous and asynchronous communication model in distributed systems architecture.,Analyze,Apply,Evaluate,,needs_educator_review,kaggle
Evaluate the trade-offs between using relational databases and NoSQL databases for storing and querying large-scale datasets in distributed systems.,Analyze,Apply,Evaluate,,needs_educator_review,kaggle
Evaluate the trade-offs between using a relational database management system (RDBMS) versus a NoSQL database for handling big data applications.,Apply,Analyze,Evaluate,,needs_educator_review,kaggle
"Evaluate the effectiveness of various concurrency control mechanisms (e.g., locking, optimistic concurrency control) in multi-user database environments.",Analyze,Evaluate,Evaluate,,needs_educator_review,kaggle
"Compare the various types of modulation index in amplitude modulation (AM), frequency modulation (FM), and phase modulation (PM).",Understand,Analyze,Analyze,,needs_educator_review,kaggle
"Compare the different types of file systems (e.g., FAT32, NTFS, ext4) used in operating systems, discussing their features and limitations.",Understand,Analyze,Analyze,,needs_educator_review,kaggle
Compare and contrast different methods for evaluating the fairness and interpretability of machine learning models.,Apply,Understand,Analyze,,needs_educator_review,kaggle
Examine the difference between,Remember,Analyze,Analyze,,needs_educator_review,kaggle
"Evaluate the suitability of various design patterns (e.g., singleton, factory method, observer) for addressing common software design challenges.",Analyze,Create,Evaluate,,needs_educator_review,kaggle
"Differentiate between strong and weak typing in programming languages, discussing their implications on code safety and flexibility.",Understand,Analyze,Analyze,,needs_educator_review,kaggle
Evaluate the effectiveness of different machine learning algorithms for sentiment analysis of social media data.,Apply,Analyze,Evaluate,,needs_educator_review,kaggle
Describe the significance of a matched filter in signal processing?,Remember,Analyze,Understand,,needs_educator_review,kaggle
Evaluate the ethical implications of using social media data for targeted advertising and personalized content recommendations.,Apply,Evaluate,Evaluate,,needs_educator_review,kaggle
Describe the process of formwork erection in concrete construction?,Remember,Understand,Understand,,needs_educator_review,kaggle
"Evaluate the impact of channel impairments (e.g., attenuation, distortion, noise) on the quality of transmitted signals in communication systems.",Analyze,Evaluate,Evaluate,,needs_educator_review,kaggle
"Differentiate between interpreted and compiled programming languages, discussing their advantages and disadvantages in software development.",Understand,Analyze,Analyze,,needs_educator_review,kaggle
Describe the purpose of a retaining wall in soil mechanics?,Remember,Understand,Understand,,needs_educator_review,kaggle
Compare the different types of distance metrics used in clustering and classification tasks.,Understand,Analyze,Analyze,,needs_educator_review,kaggle
Examine the difference between TCP (Transmission Control Protocol) and UDP (User Datagram Protocol) in terms of connection-oriented and connectionless communication?,Remember,Analyze,Analyze,,needs_educator_review,kaggle
Analyze the ethical implications of using additive manufacturing (3D printing) for producing military-grade components.,Apply,Evaluate,Analyze,,needs_educator_review,kaggle
Analyze the trade-offs between using traditional construction methods versus prefabrication for building affordable housing.,Apply,Analyze,Analyze,,needs_educator_review,kaggle
Describe the process of subnetting a given IP address range?,Remember,Understand,Understand,,needs_educator_review,kaggle
Describe the significance of a safety factor in design engineering?,Remember,Understand,Understand,,needs_educator_review,kaggle
Compare and contrast various cryptographic algorithms for securing communications over the Internet and assess their resistance to attacks.,Apply,Understand,Analyze,,needs_educator_review,kaggle
Analyze the trade-offs between using analog and digital modulation techniques for satellite communication systems.,Apply,Analyze,Analyze,,needs_educator_review,kaggle
"Compare the various data serialization formats (e.g., JSON, XML, Protocol Buffers) in terms of efficiency and readability.",Understand,Analyze,Analyze,,needs_educator_review,kaggle
Analyze the impact of algorithmic bias on the fairness and inclusivity of machine learning models in hiring practices.,Apply,Analyze,Analyze,,needs_educator_review,kaggle
Examine the difference between a cantilever and a simply supported beam in structural systems?,Remember,Apply,Analyze,,needs_educator_review,kaggle
Describe the significance of a percolation test in septic system design?,Remember,Understand,Understand,,needs_educator_review,kaggle
"Compare the different types of transmission impairments (e.g., attenuation, distortion, noise) in communication channels, discussing their effects on signal quality.",Understand,Analyze,Analyze,,needs_educator_review,kaggle
Examine the difference between stress and strain in material mechanics?,Remember,Analyze,Analyze,,needs_educator_review,kaggle
Describe the process of channel equalization in communication systems?,Remember,Understand,Understand,,needs_educator_review,kaggle
