question,correct_bloom_level
Compare Calliope with Howie. Use the word bank.,Analyze
Compare historical events to contemporary situations,Analyze
"Explain the term conjugal families, by making reference to the different types of societies to which they could belong.",Understand
Apply and integrate several different strategies to solve a mathematical problem (not according to one formula(,Apply
"Explain how the biological concept of symbiotic relationships could be used to help solve socially created problems like water pollution, overflowing garbage landfills, or homelessness.",Understand
Explain why it is likely that a matriarchal family system would be found in a matrilocal or matrilineal society.,Understand
How many ways can you . . .?,Remember
Justify your choice of data structure.,Evaluate
Construct a poster that will advertise your new food product in an exciting and irresistible way.,Create
Examine the stated positions of both major political candidates with regard to a particular issue and state good reasons (based on principles discussed in class) for why one candidates position is more likely to be effective than the other's.,Analyze
Explain choices made in making recommendations to an end user.,Understand
Use the E-pH or Pourbaix diagram of Cr to determine the control current and potential for the anodic protection of a S43000 stainless steel vessel.,Apply
What is part of this book did you like best. Tell why you like it?,Remember
What is the most important...?,Remember
Describe Packet format of IPv6 in detail with suitable diagram.,Understand
Explain in detail the importance of preliminary geological exploration in civil engineering projects.,Understand
Compare linear and switching mode power supply.,Analyze
Explain effective modular design with neat diagram.,Understand
Explain transfer function of an AC servo motor with suitable diagram.,Understand
Explain the representation of polynomial using GLL.,Understand
State the different applications of contour lines.,Remember
Explain the working o single-phase full wave centre tapped rectifier with pure resistive laod.,Understand
State the different patterns of counter showing natural features.,Remember
Use minimum 8 functions of Deque STL.,Apply
What is the necessity of ventilation and explain types of ventilation?,Remember
Explain qualitative and quantitative data.,Understand
List various types of flow control valve.,Remember
Describe the historical development of wind turbine on Indian level.,Understand
State and prove sampling theorem with suitable waveform and mathematical expression?,Remember
Explain and differentiate between TWO types of aggregations when colloidal particles are unstable. ,Understand
Explain fiber reinforced composites and particle reinforced composites.,Understand
Explain the properties of instantaneous centre of rotation.,Understand
Explain Kinematic modeling in Virtual Reality.,Understand
Define economic threshold and its use. ,Remember
Explain the different conditions for spontaneity by using Gibbs free energy.,Understand
Explain how the verticality of tall building is checked?,Understand
Describe the construction of foil type strain gauges and explain their advantages over wire wound strain gauge.,Understand
Explain the concept of Available and Unavailable energy.,Understand
Explain process reaction curve tuning method in detail.,Understand
Explain mechanism of universal indexing head.,Understand
Explain the necessity of providing fire protection system in building.,Understand
Define terms.,Remember
Explain working of single phase half wave rectifier with RL load.,Understand
Explain typical connections of 78XX and 79XX regulators with circuit diagram.,Understand
Explain the TSS descriptor and its role in multitasking.,Understand
Summarize different access controls in Java.,Understand
Describe and sketch the THREE (3) types of brick bonding. ,Understand
Explain the principle of autoclaving with its applications.,Understand
Explain quick sort algorithm with suitable example.,Understand
Explain the following operations performed on lathe with suitable sketch.,Understand
Explain electronic energy meter with a neat diagram.,Understand
State and explain basic components of ASM chart.,Remember
Explain the working of circular queue.,Understand
Explain the Media Richness Model. Use the model to discuss how managers can pick the best channel in communicating with staff and support your discussion with a scenario. ,Understand
State the advantage of applying each step in the purification scheme. ,Remember
Define pyrolysis and cracking in petroleum refining process.,Remember
Explain the Bezier curve.,Understand
Describe the THREE (3) roles for social media in branding.,Understand
Apply the block digram reduction rules to reduce the following system into canonical form and determine its control ratio.,Apply
Explain in brief reactions involved in manufacture of silicone rubbers with mechanisms.,Understand
List TEN (10) components of an effective crisis communication plan.,Remember
Describe how accurate mass spectrometry could be applied to determine if a small protein contains a pair of disulfide-bonded cysteine residue or two reduced cysteine residues. Explain how you can confirm your finding. ,Understand
Explain Shell and Tube heat exchanger in detail with neat sketch.,Understand
Explain the concept of current boosting with necessary diagram.,Understand
"State, define and list the advantage(s) and disadvantage(s) of the THREE animal selection methods for multiple traits. ",Remember
Explain what are factors to be consider for selecetion of span length hence state factors affecting sag of transmission line.,Understand
Compare late binding & early binding.,Analyze
Describe and explain the various methods used for gene transfer to plant cells.,Understand
Explain the concept of Transaction.,Understand
Explain demand and supply curve and factors affecting on it.,Understand
Explain RIP message format in detail.,Understand
Explain in detail concept of maximum heat flux and critical temperature drop.,Understand
Identify THREE (3) types of mortar used in wall construction. ,Remember
State the following properties of CTFT.,Remember
Explain the advantages of HMI.,Understand
Explain on the Psychrometric Chart following Processes.,Understand
Explain how the wind pattern affects power generation in wind energy systems.,Understand
State the significance of back emf in dc motor.,Remember
Explain any two parallel Database System Architecture in detail.,Understand
Explain the working of a half-adder? Draw its logic diagram.,Understand
Explain coriolis component of acceleration with neat sketch.,Understand
Explain the feedback compensator with example.,Understand
Explain the procedure for finding slope and deflection for a cantilever beam with a point load at free end Double integration method.,Understand
Compare python list and linked lists.,Analyze
Define the transition state and activation energy in relation to catalytic power of an enzyme. ,Remember
Explain the various modes of heat transfer with suitable real life examples.,Understand
Explain the procedure of Fixing door and window in detail?,Understand
Describe how soil surface roughness affects both water and wind erosion. Suggest ways to increase roughness to reduce erosion. ,Understand
Explain rate method for control of corrosion.,Understand
Explain the working of Pirani Gauge for measurement of pressure.,Understand
Identify TWO (2) strategies that are able to reduce the likelihood of an eyewitness reporting someone who did not commit the crime. ,Remember
Differentiate between followings.,Analyze
Explain the function of LM 317 as adjustable voltage regulator.,Understand
Explain Serial port structure of 8051 microcontroller.,Understand
Define  the following terms.,Remember
Explain different collapse mechanisms in plastic analysis with diagram.,Understand
Explain Risk identification process?,Understand
Explain Economizer.,Understand
Explain Nucleonic method for level measurement with suitable diagram.,Understand
Identify the type of crisis based on time as a critical variable. ,Remember
Explain any three sheet metal working operations with their working.,Understand
Differentiate between CRO and DSO.,Analyze
Explain an algorithm to find in-degree and out-degree of a vertex with a suitable example.,Understand
Explain working principle of Induction motor and concept of rotating magnetic field.,Understand
Explain Splay tree with an example.,Understand
Explain any two mineral deficiencies in detail.,Understand
List and explain four common examples of exceptions.,Remember
State which database architectures you will prefer for following application.,Remember
Compare the seasoning method between softwood and hardwood. ,Analyze
Identify the role of advertising in global women's magazines and local women's magazine. ,Remember
Describe Prisoner Dilemma in the context of game theory.,Understand
Explain defect management.,Understand
Explain the working of Digital to analog converter.,Understand
Explain construction and working of a synchronous machine.,Understand
Explain the following functions with suitable examples.,Understand
Explain various specification of ADC.,Understand
Differentiate between compile time polymorphism and runtime Polymophism.,Analyze
Explain the relationship between compressive strength and tensile strength of concrete.,Understand
Explain âCore of the Sectionâ and obtain a core section for a hollow circular column of external and internal diameter âDâ and âdâ respectively.,Understand
Explain Darcay Weisbachs equation.,Understand
Explain the applications of IR spectroscopy.,Understand
Explain Risk Projection and Risk Refinement in detail.,Understand
Explain the properties of solid insulating material.,Understand
Explain linked organization with respect to file handling.,Understand
Explain Chemical Vapor deposition method for synthesis of nanomaterials.,Understand
Explain Interdomain and Intradomain routing protocol in detail.,Understand
Explain the durability of concrete? What effect the water- cement ratio makes on durability?,Understand
Explain multistage compression of reciprocating air compressor.,Understand
Explain the spontaneity by using Gibbs free energy.,Understand
Explain following routing.,Understand
Describe graphic design and product design. ,Understand
Define instructional materials and provide an example of it. ,Remember
Explain any three methods for synthesis of Furan.,Understand
Explain the Ziegler - Nichols tuning method of tuning a PID controller.,Understand
Explain the three position synthesis of single slider mechanism by using inversion method.,Understand
Explain with the help of neat sketch,Understand
Classify the different modes of failure of finite and infinite slopes.,Understand
Explain the linked implementation of stock with suitable example.,Understand
State and explain the merits and demerits of direct shear test.,Remember
Describe the design principles for jigs and fixtures.,Understand
Explain the phenomenon of Boundary Layer Separation and Methods to control to it.,Understand
Compare active filters and passive filters.,Analyze
Define Task Switching and explain the steps involved in task switching operation?,Remember
State your opinion on whether financial reporting system is more important than management reporting system and the appropriateness of placing more emphasis on producing non-discretionary financial reports. Provide arguments to support. ,Remember
"Explain how currency depreciation will affect export, import and the balance of trade of the country. ",Understand
Calculate the thickness of flanged torispherical head for a vessel having internal diameter 6000mm.,Apply
Identify any TWO (2) product design strategies you have learned. Explain how both strategies could be useful for instant respond to customer demand. ,Remember
Identify THREE (3) types of imperfectly competitive firms and construct THREE (3) important characteristics of these imperfectly competitive firms.,Remember
Explain the difference between array representation and linked representation of binary tree.,Understand
Explain the homogenous transformation matrix approach in planning of Cartesian path trajectories.,Understand
Explain the operation of a precision full wave rectifier with necessary waveforms.,Understand
Explain in detail ARP and RARP.,Understand
Compare synchronous and ripple counter.,Analyze
Identify which country has an absolute advantage and comparative advantage in the production of pizza and cloth. ,Remember
Explain Deferred database modification.,Understand
State four features of LAP winding of DC machine.,Remember
Differentiate between Microprocessor and Microcontroller.,Analyze
Describe THREE (3) advantages of the banker's acceptance towards either exporter or importer. ,Understand
Explain in brief components of Lab VIEW application.,Understand
Explain the working of SMPS with neat diagram?,Understand
Explain two position and floating control mode in brief with neat sketch.,Understand
State main commodity polymers with uses.,Remember
Explain degrees of freedom and stiffness.,Understand
"Explain with sketches, wind and stack effect.",Understand
Explain following terms in brief.,Understand
Demonstrate the different types of flames used in oxyacetylene welding.,Apply
Explain principle of resistance welding with neat sketch.,Understand
List the different psychrometric processes and show them on the hand drawn psychrometric chart.,Remember
Describe advantages and limitations of following insulators.,Understand
Explain the various losses in transformer?,Understand
Explain market considerations for package design.,Understand
Explain requirements of a good building stone.,Understand
Explain Hot dipping and Burnishing processes in detailed.,Understand
Explain with a neat sketch following parts of belt conveyors.,Understand
Explain uses of SBR.,Understand
Explain in detail categories of Software Metrics with suitable examples.,Understand
Explain EHVDC transmission system with the help of suitable diaram.,Understand
Explain the need of Cache memory.,Understand
Analyze the beam shown in figure 1 by slope deflection method and draw B.,Analyze
Explain the linked  implementation of stack with suitable example.,Understand
Explain Triadic curve and give its fractal dimension.,Understand
Describe the steps of defect management with neat diagram.,Understand
Explain how koch curves are generated.,Understand
Define pressure vessels and explain design of pressure vessels subjected to external pressure.,Remember
Explain the working of magnetic Tape recorder along with diagram.,Understand
Explain any four applications of RFID?,Understand
Describe how the hexokinase enzymatic activity could be determined using the coupled assay method. ,Understand
"Define and discuss the Sharpe, Treynor, and Jensen measures of portfolio performance evaluation by identifying the situations in which each measure is the most appropriate measure. ",Remember
List the properties of probability.,Remember
Explain SSL in detail.,Understand
Explain in brief the factors governing the choice of adhesives.,Understand
List and explain operating system design issues.,Remember
Explain different methods of locating instantaneous centre in various mechanisms.,Understand
Describe generation of pulse width modulation with diagram and waveform.,Understand
Define continuous time Fourier Transform.,Remember
Design a wein bridge oscillator to generate oscillations at 1 KHZ.,Create
Explain the idealized stress strain curve for plastic analysis with diagram and state the assumption for plastic analysis.,Understand
List any THREE (3) pairs of system functions that should be separated in the centralized computer services organization and describe a risk exposure if the functions are not separated. ,Remember
Explain why the effectiveness of an expansionary monetary policy in increasing aggregate output is partially dependent on the interest sensitivity of the demand for money. ,Understand
Explain different ways to implement Threads in Java?,Understand
Explain with a neat diagram CMOS inverter.,Understand
Explain any four design concepts with appropriate example.,Understand
Compare the formation process between igneous rock and sedimentary rocks. ,Analyze
Describe the three types of control typically needed in batch manufacturing.,Understand
Explain deletion of segment with suitable example.,Understand
Explain the procedure of establishing alignment of road?,Understand
Explain in detail TQM and its importance.,Understand
Define allelopathy and list how allelopathic substance enters the environment. ,Remember
Explain the cell cycle and describe in detail the steps involved in a typical cell cycle.,Understand
Analyze the beam ABC shown in figure 6 by stiffness method and draw BMD.,Analyze
Explain how synchros can be used as Position control application.,Understand
Explain rebound hammer test with its limitations.,Understand
Describe the software quality dilemma in your own words.,Understand
What is cushioning of air cylinder.,Remember
Explain level measurement by mechanical method.,Understand
Explain on delete cascade command with suitable example.,Understand
Explain the effect of barrier properties on product.,Understand
State and prove initial and final value theorem.,Remember
Explain in detail classification of hydraulic pump.,Understand
Explain the input and output module of programmable logic controller.,Understand
Differentiate Soft Magnetic Materials and Hard Magnetic Materials.,Analyze
Differentiate and Explain the Interrupt gate and Trap gate descriptor.,Analyze
Explain in detail distortion in delta Modulation.,Understand
Explain the memory write cycle with help of suitable timing diagram.,Understand
Name the two classes of monosaccharide. Draw and name the simplest structure of molecule in each class. ,Remember
Describe in brief elastomer polymerization.,Understand
Explain different types of exceptions in 80386 with suitable examples.,Understand
Distinguish central and peripheral routes to information processing. Support your answer with TWO (2) relevant examples. Elaborate your examples in details. ,Analyze
Identify whether the firm is in the short-run or long-run  equilibrium. Explain.,Remember
Explain interfacing of LM35 temperature sensor with PIC 18FXX microcontroller.,Understand
Describe the significance of the urea cycle.,Understand
Explain with a neat sketch Sand filter.,Understand
"Explain the construction, and working of LVDT.",Understand
Calculate the weight of KMnO4 required making 500 ml of 0.,Apply
Explain cavitation in brief and suggest the suitable method used to reduce it.,Understand
Demonstrate the various types of chips formed during metal cutting.,Apply
Explain in brief reactions involved in manufacturing of detergent by sodium reduction of coconut oil.,Understand
Develop circuit model for 3 phase Synchronous Machine.,Create
List out the properties of Laplace Transform.,Remember
Explain the term Path Generation.,Understand
Define and explain reinvestment risk with an example. ,Remember
Describe the objective and classification of triangulation survey?,Understand
What is reverberation time and how is it calculated?,Remember
Describe Functional Programming.,Understand
Explain blow moulding with suitable sketch.,Understand
Explain with example trie.,Understand
Explain operation of capture mode of PIC18FXX microcontroller along with diagram.,Understand
Describe the meaning of 'design'. ,Understand
Explain the impact of use of electric vehicles on power grid.,Understand
Explain influence of geological conditions on the choice and type of dam.,Understand
State and explain the properties of CDF.,Remember
Explain the architecture of PLC with neat diagram.,Understand
Explain the use of profile projector with neat sketch.,Understand
Explain construction and working of Francis Turbine with application.,Understand
Explain the following Equality predicates using a suitable example.,Understand
Explain magneto ignition system and state its advantages and disadvantages.,Understand
Explain the different probes used for CRO.,Understand
Create hash task and resolve collision using linear probing with replacement.,Create
"Name a commercially available software or an open-source software that does the computational analysis of flows of hydraulic engineering and explain what it is used for, what equations based on what assumptions it uses and how then are solved. ",Remember
Explain the concept of GMD and GMR for inductance calculation.,Understand
Explain in brief the effect of wet adhesives on paper and board.,Understand
Compare React JS and Angular JS and Vue JS.,Analyze
Differentiate between Battery EV and Hybrid EV.,Analyze
Contrast B-mode and A-mode ultrasound systems. ,Analyze
Explain importance of project Management and how to manage project risk.,Understand
Explain the concept of instruction pipelining with diagram.,Understand
List the types of Abstract Data Type and explain them in brief.,Remember
Describe focused task and how it can be used to teach grammar for low  proficiency students. ,Understand
Explain four quadrant operation of motor driving a hoist load.,Understand
Explain the principle and application of TLC.,Understand
What is difference between starvation and deadlock?,Remember
Explain the formation of phosphodiester bonds with a suitable example.,Understand
 Explain the below methods in detail.,Understand
Explain the interrupt structure of PIC18 along with IVT.,Understand
Explain the FDI in Infrastructure.,Understand
Explain Architecture of Distributed database system.,Understand
Explain with example trie tree.,Understand
Explain in brief the frame size selection criteria for screen printing process.,Understand
Explain the followings terms related to refrigeration.,Understand
Explain Ammonia synthesis converter with a neat figure.,Understand
List properties of light.,Remember
Explain the basic method for implementing paging.,Understand
Describe the FOUR (4) main phases of The Hawthorne Studies. Support your description with the significance of each of the phases. ,Understand
What is the ambiguity that arises in multiple inheritance?,Remember
Explain relay interfacing with 8051 microcontroller.,Understand
Explain with example the significance of priority queue over simple queue.,Understand
Explain in detail Ultrasonic flow inspection test for testing of Engineering materials.,Understand
What is indicator microorganism and explain its significance in water microbiology.,Remember
List the properties of distribution function.,Remember
Describe the THREE (3) elements of problem structure of a company. Contrast a structured problem to an unstructured problem. Discuss briefly which levels of management typically deal with structured problems and with unstructured problems. ,Understand
"Compare the gravity retaining wall, semi gravity retaining wall and cantilever retaining wall in the aspects of shape design, maximum height and method of construction. ",Analyze
Define geodetic survey and state its objectives of study.,Remember
Explain the working of hydrogen fuel cell.,Understand
Explain how nodes can be remove in tail reference using example.,Understand
Define and explain 'Fiscal Policy' in terms of its objectives and differentiate between the 'Discretionary Fiscal Policy' and 'Automatic Fiscal Policy'. ,Remember
Explain Gauss Jacobi method for the solution of linear simultaneous equations.,Understand
List the major forces acting on the concrete body of the dam excluding earthquake and wind forces. ,Remember
Explain in brief procedure of setting out of tunnel centreline and transferring underground?,Understand
Explain the construction and working of three phase Synchronous motor?,Understand
State sampling theorem and discuss its types.,Remember
"Distinguish between PAM, PWM and PPM.",Analyze
Explain the following number predicates using suitable example.,Understand
Describe FIVE (5) techniques to achieve dominance. ,Understand
List down ALL types of brick wall and give explanations for each type of the wall. ,Remember
Explain direct access file organization.,Understand
Explain function over loading & function overriding in detail.,Understand
Explain the Oxidation of Saturated Fatty Acids with its Four Basic Steps.,Understand
State the procedure for tacheometric contouring?,Remember
State  detail classification of transducers.,Remember
Explain construction and principle of working of Centrifugal pump.,Understand
Explain rotation about an arbitrary point in 2D.,Understand
Define the chemical interaction indicated by the arrows. Identify the binding region of an antigen on the antibody structure.,Remember
Explain practical differentiator circuit with neat diagram?,Understand
Explain in brief the glue selection criteria for screen making.,Understand
What is the difference between Inheritance and Containment?,Remember
Define with example.,Remember
Describe the advantages of hydroelectric power plant.,Understand
Define instructional materials. Provide an example of an instructional material for a subject. ,Remember
Explain ciruit diagram of schmitt trigger with waveform.,Understand
Explain with suitable example the three storage structures for the graph.,Understand
Explain SMPS with block diagram.,Understand
Explain the concept of self GMD or GMR for capacitance calculation.,Understand
Explain the structure of a V86 Task in detail.,Understand
Describe with suitable block diagram pulse code modulation transmitter.,Understand
Explain with appropriate example the feasibility of dam alignment which is crossing DYKE.,Understand
Demonstrate the principle of Spot Welding process in brief.,Apply
Explain the significance of phosphorylated intermediates in glycolysis.,Understand
Explain Gibb's phenomenon of Fourier series.,Understand
Explain the concept of minimum fluidization.,Understand
Explain use of Fuse.,Understand
Describe the operation of voltage controlled oscillator with neat block diagram.,Understand
Describe in brief process description of manufacture of Olefin by polymerization using phosphoric acid on solid carrier as catalyst.,Understand
Explain the use of command line arguments.,Understand
Explain the importance of project management and its objectives?,Understand
Explain PI and PD controller in brief with suitable examples.,Understand
Define terms of trade and identify which country has an absolute advantage in the production of jade and diamond. ,Remember
Analyse the frame shown in figure 4 by slope deflection method. Assume uniform flexural rigidity.,Analyze
State performance parameters of transmission line hence explain how ABCD constants are useful for determining these parameters.,Remember
Explain grid connected renewable systems and their requipments.,Understand
Justify steady state depends on relative characteristics of motor and load both.,Evaluate
Explain the ring counter design for the initial condition 1010.,Understand
Identify TWO (2) types of personality that are relevant to aggression. ,Remember
Explain any FOUR (4) elements of vertical downward communication. Support your explanation with an example for each element on how they are beneficial to an organization. ,Understand
Evaluate the following forms of LISP.,Evaluate
What is the difference in calculation of self GMD or GMR of inductance and capacitance?,Remember
Explain the criteria to be a substantial shareholder in Malaysia. Illustrate what and when a substantial shareholder of a listed company need to comply when he/she holds the directorship in it. ,Understand
Describe the construction and working of the Universal motor with the help of suitable diagrams and state its two applications.,Understand
Describe detection of PPM with block diagram.,Understand
Explain the meaning of static and dynamic memories. State their applications.,Understand
Explain in brief Autoclave variables as one of major engineering problems of urea production process.,Understand
Describe the classification of  fault and their engineering significance.,Understand
Define fold and explain any three types of folds.,Remember
Construct the Binary Search Tree (BST) from the following data:,Create
Explain the importnce accessories of jig and fixture.,Understand
Classify C.,Understand
Explain various rules for development of Ladder diagram.,Understand
Evaluate following postfix expression with the help of stack.,Evaluate
Explain the process of Enabling and Disabling Interrupts in 80386.,Understand
Explain the concept of current mirror circuit?,Understand
Describe the effect of compaction on properties of soil.,Understand
Explain various types of conformation in ethane molecule using P.,Understand
Explain S-R flip-flop using NOR gates.,Understand
Explain adjustable voltage regulator using LM317.,Understand
Explain extrusion operation with its schematic diagram.,Understand
Explain the TSS descriptor of 80386 with a neat diagram.,Understand
State the circumstances under which you will use the following types of stairs.,Remember
Distinguish between synchronous and asynchronous serial communication.,Analyze
Explain Artificial Neural Networks with suitable examples?,Understand
Describe in brief the various preventive measures against landslides.,Understand
Explain the registers in microprocessor.,Understand
Explain different types of hazards that occur in a pipeline.,Understand
Explain Memory Partitioning in memory management.,Understand
Explain in brief poly urethanes.,Understand
Explain Black box testing with its advantages.,Understand
Explain conditioning in packaging.,Understand
Describe THREE (3) deposit liabilities for commercial banks. ,Understand
Explain with a neat sketch screw conveyor.,Understand
Describe the advantages of Product Standardization. ,Understand
Explain working of the POP3 protocol with advantages and disadvantages.,Understand
Describe the Concept of Culture.,Understand
Identify and explain another graphical diagram besides network diagram which is useful for planning and scheduling. Evaluate the graphical diagram. ,Remember
Design low pass first order Butterworth filter having cut off frequency 1 kHz with  passband gain of 2.,Create
Explain any one electrical method for measurement of level.,Understand
Explain the ferrocement technology with its applications.,Understand
Define filter.,Remember
What is the difference between Testing and debugging?,Remember
Interpret the terms multitasking and multiprocessing and multithreading in Java with example.,Understand
Explain in detail the functions of ADCON0 SFR of PIC18 microcontroller.,Understand
Explain concept of Virtual Memory.,Understand
Explain nucleonic method for level measurement with a neat diagram.,Understand
Explain the project planning activities.,Understand
Explain the Segment Translation Process with a neat diagram of 80386.,Understand
Explain the contents of Projet Feasibility report with example.,Understand
List and Explain any one Architecture of Parallel databases with neat diagram.,Remember
List the advantages and limitations of protein crystal structure determination using X-Ray crystallography. ,Remember
Explain linked list sorting with example.,Understand
Explain voltage to current converter with floating load?,Understand
Explain deferred database modification and immediate database modification and there difference in the context of recovery.,Understand
List the factors affecting compaction and explain the effect of compaction on any four soil properties.,Remember
Explain Titration curve for 0.,Understand
Define a tree.,Remember
Explain various parts Fold and any three types of fold with neat sketches.,Understand
Explain containment and Inheritance along with examples.,Understand
Explain the change control mechanism in SCM.,Understand
Explain phases in Verification and Validation model with suitable diagram.,Understand
Explain in detail corrosion monitoring techniques of reinforcement and preventive measures against corrosion.,Understand
Explain SCTP protocol in detail.,Understand
State any four applications of DC Series motor.,Remember
Design and discuss the project decomposition and work task communication process.,Create
Explain the interface design steps.,Understand
Explain the following functions used to handle GPIO in AT mega 328P Arduino board with suitable example.,Understand
Describe the different factors affecting the evaporation operation.,Understand
Explain the circuit diagram of level shifter.,Understand
Explain geometrical isomerism in compound with one double bond.,Understand
Describe the function of International Monetary Fund (IMF).,Understand
Explain with appropriate example the feasibility of dam alignment which is crossing a DYKE.,Understand
Explain construction of brushless DC motor.,Understand
Compute GCD of the following using Euclidean algorithm.,Apply
Differentiate between brass and bronze?,Analyze
What is threaded binary search tree.,Remember
Describe in detail about purification of protein by affinity chromatography.,Understand
Explain the effect of water cement ratio and effect of maximum size of aggregate on the strength of concrete.,Understand
Use minimum 8 functions of vector STL.,Apply
Explain in detail the working of wheatstone bridge with equations.,Understand
State the necessity of FRL unit in Pneumatic System.,Remember
What is the need of electric vehicle?,Remember
Explain construction and working principle of Kaplan Turbine with application.,Understand
Explain briefly EDM process characteristics.,Understand
Explain in brief the importance of preliminary geological exploration in civil engineering project.,Understand
Explain Ultrasonic method for level measurement with suitable diagram.,Understand
Explain the factors affecting Compaction of soil.,Understand
Explain virtual base class and virtual function with example.,Understand
Describe CPSR of ARM7 in detail along with diagram and use of SPSR.,Understand
Explain the types of HMI?,Understand
Explain with appropriate example how schedule can be prepare using PERT.,Understand
Define CDF and state any four properties of CDF.,Remember
Explain the function of CCP1CON SFR along with its format.,Understand
Explain Vant Hoff Boyles law and Vant Hoff Charles law and combine form.,Understand
"Explain the SOC, EOC, & OE pin of ADC 0809.",Understand
Explain the disaggregation of tissue with trypsinization and its significance.,Understand
State and explain the physical significance for following properties for CT signals.,Remember
Calculate moment at supports for the frame as shown in figure 7 by moment distribution method and draw BMD.,Apply
Explain the following concept.,Understand
Explain method overriding with a suitable example program.,Understand
Explain any three errors in induction type energy meter in detail.,Understand
Construct Minimal spanning tree for the following graphs using prims algorithm.,Create
Construct A VL tree for following sequence of keys.,Create
Explain briefly the procedure of conducting Unconfined Compression Test on clayey soil sample. Draw Mohrâs circle for the test.,Understand
Explain 3 position relative pole method for synthesis of four bar chain mechanism.,Understand
Explain the concept of GPIO in AT mega328P.,Understand
Describe the economic growth and FOUR (4) sources of economic growth. ,Understand
Explain PLL operation in detail with neat block diagram.,Understand
Define Graph.,Remember
Explain class template using multiple parameters?,Understand
Construct a Radial Drilling Machine and Explain.,Create
Explain with neat diagram how is Lissajous pattern used for phase measurement?,Understand
Classify continuous control modes used in process control system and explain PID controller with suitable example.,Understand
Explain block diagram of digital computer.,Understand
Explain Rebhannâ s graphical method for determination of earth pressure on retaining wall.,Understand
Explain Different type of join with suitable example.,Understand
List various types of direction control valve.,Remember
Explain the classification based on their physical characteristics.,Understand
Explain carnot cycle with neat diagram.,Understand
Explain the main disadvantage of Lineweaver-Burk plot. Suggest an alternative method to Lineweaver-Burk plot. ,Understand
State the importance of finally blocks.,Remember
Explain generation of sine waveform using OPAMP. Draw input & output wave froms,Understand
Explain building meterial used for green building.,Understand
Compare stack with Queue.,Analyze
Explain sill and Dyke as igneous intrusions.,Understand
Explain the six regimes of the pool boiling curve with the help of a neat diagram.,Understand
Explain the function of the following component in HPP :,Understand
Describe primitive data types.,Understand
Explain voltage Divider using multiplier 534.,Understand
Explain any Electric vehicle in detail.,Understand
Define load factor and shape factor.,Remember
Identify the compounds A and B in the following reactions.,Remember
Explain the drawback of Sequential File Organization.,Understand
Explain the benefit if environment management system.,Understand
Explain different types of microbial interactions in environment with examples.,Understand
Explain Tools and Techniques used in the Method Study.,Understand
Explain in brief about the modification in squirrel cage motor with deep bar rotor construction and state the advantages of this modifiedconstruction.,Understand
Describe compading methods ï­-law and A - law.,Understand
Explain the following characteristics of TTL logic families.,Understand
Explain working of radial drilling machine.,Understand
Explain any two vitamin deficiencies.,Understand
Explain with a neat diagram winter air conditioning.,Understand
Describe in brief unit operations and unit processes involved in refinery processes of crude oil.,Understand
Explain the Dining Philosopher problem with the help of pseudo code.,Understand
Explain LED interfacing with 8051 microcontroller.,Understand
Explain Benson Boiler with a schematic diagram.,Understand
Use fourier transform to solve.,Apply
State 'corporate governance' definition as mentioned in Cadbury Report (1992). Explain Malaysian Code on Corporate Governance (MCCG) 2017 âcorporate governance' definition in details. ,Remember
Explain the factors affecting the concrete mix design.,Understand
Explain the block diagram of electric vehicles State advantages and limitations of Unit 6.,Understand
Explain how control transfer instructions are executed using the call gate in the system?,Understand
Explain ISA sequence in Alarm Annunciation system.,Understand
Explain the Concept of Acceleration Image Principal.,Understand
Explain the following for hydraulic turbine.,Understand
State the classification and applications of Photogrammetry in surveying.,Remember
Differentiate between Standard Proctor Test and Modified Proctor Test. Draw typical compaction curve for both the tests.,Analyze
"Explain with sketch the fixed hair method of tacheometry, when line of sight is inclined downward (depression) and staff is held vertical?",Understand
Explain the Nitriding process in detail with a suitable diagram.,Understand
Explain the function of an electromechanical relay and draw an interfacing diagram of relay with microcontroller 8051 with suitable driver circuit.,Understand
Explain impact of temperature and insolation on I-V curves of PV cells.,Understand
Explain along with fig Types of Rolling Contact Bearings.,Understand
Explain the construction and working of the shaded pole induction motor with the help of a suitable diagram.,Understand
State the various methods of Project Monitoring.,Remember
Describe color wheel. ,Understand
Explain in detail the working of square wave generators with a neat circuit diagram.,Understand
Explain the Configuration of a series Hybrid EV .,Understand
Explain the cold and hot weather concreting.,Understand
What is fire escape and explain any one fire escape elements?,Remember
Explain the concept of Tristate logic.,Understand
Describe effect of wall moment with respect to earth pressure.,Understand
Distinguish between DM and ADM.,Analyze
Explain photolysis of water molecules using coordination catalysis.,Understand
Explain necessity of nitrogeneous fertilizers produced from Ammonia.,Understand
Explain Welding Inspection briefly.,Understand
Explain Producer and consumer problem in Classical Synchronization.,Understand
What is the difference between dielectric material and insulating material?,Remember
Explain the strong acid strong base titration with the help of titration curve and indicators.,Understand
Explain sequence of events that occur in Fetch cycle symbolically with diagram at each stage.,Understand
Outline how storage buffers may be deployed in automated production lines.,Understand
Explain rotation about an arbitrary axis in 3D.,Understand
Explain significance of any three dimensionless numbers used in various modes of heat transfer for thermal analysis.,Understand
State 3 advantages and 3 disadvantages of LVDT.,Remember
Differentiate between Terrestrial photogrammetry and Aerial photogrammetry?,Analyze
Classify different types of ADC and explain iwth diagram dual scope ADC.,Understand
Define soil horizon and relate it with soil profile. ,Remember
State the significance of âScoreâ in the BlastX alignment. ,Remember
Differentiate friend function with normal function of the class.,Analyze
Describe the process to carry out work sampling study.,Understand
Explain the condition of Reciprocity & Symmetry by giving Example.,Understand
Explain Linked List class with an example.,Understand
Explain theory of indicators and also explain a difference of 2 PH is required for colour change.,Understand
Explain resource smoothing and leveling.,Understand
Describe Circumstances under which you would choose to use Embedded SQL than normal SQL or only a general purposeprogramming Language.,Understand
Explain and compare diffuse and specular reflection.,Understand
State two differences between a JFET and a BJT. ,Remember
Describe any two software size estimation techniques.,Understand
Classify solid insulating materials according to the temperature ranges. Hence write properties and applications of any two materials from ClassA type.,Understand
Explain basic concept of A VL tree.,Understand
Define is inheritance.,Remember
Develop relation between âZâ parameter and transmission parameter .,Create
 Explain in brief test driven development.,Understand
Describe the challenges in global advertising. ,Understand
Explain the various methods of speed control of Dc series motor?,Understand
Explain ultrasonic method for level measurement with a neat diagram.,Understand
Explain in brief mechanisms of pyrolysis and cracking.,Understand
Explain in detail block diagram of electrical drives.,Understand
Explain in detail with Diagram.,Understand
Distinguish singly linked list and doubly linked list.,Analyze
"Distinguish between Ideal sampling, Natural sampling and Flat-Top sampling.",Analyze
Describe properties and applications of Constantan and Brass.,Understand
State the Dirichlet conditions for the existence of Fourier Series.,Remember
Explain with example K dimensional tree.,Understand
Explain the operation of Dual Slope ADC.,Understand
Explain need of operator overloading.,Understand
Explain the interrupt structure of PIC18 microcontroller along with IVT.,Understand
Explain the selection sort with algorithm sort the following no.,Understand
Explain with diagram the operation of an adjustable voltage regulater using IC LM 317.,Understand
Explain the role of technology in innovation.,Understand
Explain the concept of ISO 14000.,Understand
Identify FOUR (4) factors that affect the willingness of people to perform prosocial behaviors. ,Remember
State and explain superposition theorem.,Remember
Explain the how open traversing surveying work is conducted.,Understand
Explain practical differentiator circuit with neat circuit diagram. What are the limitation of ideal differentiator.,Understand
State the working and uses of Electronic Total Station.,Remember
State and explain Henrys law and give its applications.,Remember
Explain the important components of gas chromatography.,Understand
Explain steps for design of dog legged staircase.,Understand
Describe the Timer modes in 8051 microcontrollers.,Understand
Explain Edge connectivity and Vertex Connectivity with suitable example.,Understand
Compare IEEE 802.,Analyze
List and explain the reason why the aggregate demand curve is downward slopping.,Remember
Explain various stages of combustion in S.,Understand
Explain combination die with schematic sketch.,Understand
Define fault and explain the significance of fault in Civil Engineering.,Remember
Explain any four IoT network protocols?,Understand
Explain Additive colour theory and subtractive colour theory.,Understand
Analyze the beam shown in figure 4 by moment distribution method.,Analyze
Explain chain drive with its different types.,Understand
Explain any four extrusion process variables with sketch.,Understand
Explain any two renewable generation methods with their advantages and drawbacks.,Understand
Differentiate between Kaplan and Pelton wheel turbine.,Analyze
What is unconformity and Describe various types of unconformities.,Remember
Explain Hilbert curve and give its fractal dimension.,Understand
Explain the concept of iterators in the STL.,Understand
Explain the working of Inverting Comparator.,Understand
Describe the application of remote sensing in civil engg.,Understand
List different types of fuses and Explain working of any one in detail.,Remember
Define PDF and state four properties of PDF.,Remember
Explain briefly USM process characteristics.,Understand
Describe different methods of record blocking with the help of a neat diagram.,Understand
Explain the Surge in Springs.,Understand
Explain the significance of a file.,Understand
Differentiate between NBFM and WBFM.,Analyze
"Contrast the following basic BLAST programs: PSI-BLAST, PHI-BLAST and tBLASTX.",Analyze
"Explain earth pressure at rest, active earth pressure and passive earth pressure w.r.t. wall movement with sketches.",Understand
Explain extrusion of plastic.,Understand
Explain instruction level and machine parallelism.,Understand
Explain the concept of thermal diffusivity and thermal contact resistance.,Understand
Describe the cold and hot weather concreting.,Understand
Calculate Molarity and Normality of solution containing 0.,Apply
Explain Intrusion Detection System with merits and demerits.,Understand
Explain Pre-emphasis and De-emphasis in detail.,Understand
State the difference between character and byte stream in Java.,Remember
Define the importance of Project estimation.,Remember
Explain with suitable example the techniques to represent a Graph.,Understand
Explain in details Fajans method for precipitaion titration.,Understand
Explain Current mirror circuit with neat diagram.,Understand
Explain the repository features with respect to software configuration management.,Understand
"Explain Proportional mode, Integral Mode and Derivative Mode.",Understand
"Explain the concept of ""inflation.""",Understand
Describe the taste and texture of your favorite dessert.,Understand
Describe the process of photosynthesis in plants.,Understand
"Describe the concept of ""artificial intelligence.""",Understand
Describe the taste of a perfectly ripe mango.,Understand
Describe the process of mitosis in cell division.,Understand
Describe the physical sensations of riding a roller coaster.,Understand
Describe the process of cellular respiration in detail.,Understand
Explain the principles of algebraic equations and solve a given equation.,Understand
Describe the role of enzymes in biochemical reactions.,Understand
Explain the differences between prokaryotic and eukaryotic cells.,Understand
Explain the principles of democratic governance.,Understand
Describe the properties of acids and bases and their pH scale.,Understand
Explain the theory of evolution and natural selection.,Understand
Describe the principles of market economy and supply-demand dynamics.,Understand
Compare and contrast the advantages of both options.,Analyze
Differentiate between these two species of birds.,Analyze
Contrast the economic policies of the two candidates.,Analyze
Differentiate between velocity and acceleration.,Analyze
Compare and contrast traditional learning and online learning.,Analyze
Differentiate between renewable and non-renewable energy sources.,Analyze
Contrast the features of Android and iOS operating systems.,Analyze
Differentiate between classical and operant conditioning.,Analyze
Contrast the characteristics of rural and urban living.,Analyze
Contrast the ideologies of conservatism and liberalism.,Analyze
Contrast the features of analog and digital technology.,Analyze
Differentiate between correlation and causation.,Analyze
Differentiate between deductive and inductive arguments.,Analyze
Contrast the characteristics of introverts and extroverts.,Analyze
Compare and contrast communism and fascism.,Analyze
Differentiate between nominal and ordinal data,Analyze
Contrast the themes of love and sacrifice in literature.,Analyze
Contrast the characteristics of authoritarian and authoritative leadership.,Analyze
Contrast the characteristics of city life and rural life.,Analyze
Differentiate between empirical and theoretical research.,Analyze
Differentiate between normative and descriptive ethics.,Analyze
Summarize the key points of the presentation.,Understand
Summarize the steps of the scientific method.,Understand
Summarize the main themes of a novel.,Understand
Summarize the findings of a psychology study.,Understand
Summarize the findings of an economic analysis.,Understand
Summarize the main findings of a medical study.,Understand
Summarize the key points of a historical analysis.,Understand
What is the process of discriminating between various concepts?,Remember
Compare two innovative solutions to a common problem.,Analyze
Compare the strengths and weaknesses of two marketing strategies.,Analyze
Explain the importance of using definite criteria in performance appraisals.,Understand
Evaluate the ethical implications of using facial recognition technology for law enforcement and surveillance purposes.,Evaluate
"Compare the different cloud service models (IaaS, PaaS, SaaS) and deployment models (public cloud, private cloud, hybrid cloud), discussing their benefits and limitations.",Analyze
"Evaluate the scalability of various cloud computing service models (e.g., IaaS, PaaS, SaaS) for enterprise applications.",Evaluate
Analyze the trade-offs between using rule-based systems and machine learning approaches for decision-making in expert systems.,Analyze
Analyze the impact of urbanization on water resources and propose sustainable water management strategies.,Analyze
"Compare the principles of static and dynamic equilibrium in mechanical systems, discussing their implications for stability and motion analysis.",Analyze
Analyze the impact of material properties on the performance of mechanical components in extreme operating conditions.,Analyze
Analyze the ethical implications of data mining techniques used by social media platforms for targeted advertising and user profiling.,Analyze
Evaluate the feasibility of using unmanned aerial vehicles (drones) for inspection and monitoring of civil infrastructure.,Evaluate
Analyze the impact of software piracy on the software industry and propose ethical solutions to address this issue.,Analyze
Describe the significance of a salt in password hashing algorithms?,Understand
"Compare the advantages and disadvantages of imperative and declarative programming paradigms, citing examples for each.",Analyze
Describe the process of setting up a VPN tunnel between two sites using IPsec (Internet Protocol Security)?,Understand
Evaluate the feasibility of using blockchain technology for ensuring the integrity and transparency of government elections.,Evaluate
"Evaluate the impact of feature selection methods (e.g., filter methods, wrapper methods, embedded methods) on the performance of machine learning models.",Evaluate
Evaluate the effectiveness of using computational fluid dynamics (CFD) simulations for analyzing airflow around vehicles.,Evaluate
Evaluate the trade-offs between using shallow and deep learning models for tasks such as feature extraction and pattern recognition in high-dimensional data.,Evaluate
"Differentiate between synchronous and asynchronous communication in distributed systems, illustrating with examples of each.",Analyze
Compare and contrast different routing protocols used in wireless sensor networks and analyze their suitability for various applications.,Analyze
Analyze the potential environmental impacts of using internal combustion engines versus electric motors in automotive propulsion systems.,Analyze
Examine the difference between static and dynamic linking in software development?,Analyze
Evaluate the trade-offs between using a synchronous and asynchronous communication model in distributed systems architecture.,Evaluate
Evaluate the trade-offs between using relational databases and NoSQL databases for storing and querying large-scale datasets in distributed systems.,Evaluate
Evaluate the trade-offs between using a relational database management system (RDBMS) versus a NoSQL database for handling big data applications.,Evaluate
"Evaluate the effectiveness of various concurrency control mechanisms (e.g., locking, optimistic concurrency control) in multi-user database environments.",Evaluate
"Compare the various types of modulation index in amplitude modulation (AM), frequency modulation (FM), and phase modulation (PM).",Analyze
"Compare the different types of file systems (e.g., FAT32, NTFS, ext4) used in operating systems, discussing their features and limitations.",Analyze
Compare and contrast different methods for evaluating the fairness and interpretability of machine learning models.,Analyze
Examine the difference between,Analyze
"Evaluate the suitability of various design patterns (e.g., singleton, factory method, observer) for addressing common software design challenges.",Evaluate
"Differentiate between strong and weak typing in programming languages, discussing their implications on code safety and flexibility.",Analyze
Evaluate the effectiveness of different machine learning algorithms for sentiment analysis of social media data.,Evaluate
Describe the significance of a matched filter in signal processing?,Understand
Evaluate the ethical implications of using social media data for targeted advertising and personalized content recommendations.,Evaluate
Describe the process of formwork erection in concrete construction?,Understand
"Evaluate the impact of channel impairments (e.g., attenuation, distortion, noise) on the quality of transmitted signals in communication systems.",Evaluate
"Differentiate between interpreted and compiled programming languages, discussing their advantages and disadvantages in software development.",Analyze
Describe the purpose of a retaining wall in soil mechanics?,Understand
Compare the different types of distance metrics used in clustering and classification tasks.,Analyze
Examine the difference between TCP (Transmission Control Protocol) and UDP (User Datagram Protocol) in terms of connection-oriented and connectionless communication?,Analyze
Analyze the ethical implications of using additive manufacturing (3D printing) for producing military-grade components.,Analyze
Analyze the trade-offs between using traditional construction methods versus prefabrication for building affordable housing.,Analyze
Describe the process of subnetting a given IP address range?,Understand
Describe the significance of a safety factor in design engineering?,Understand
Compare and contrast various cryptographic algorithms for securing communications over the Internet and assess their resistance to attacks.,Analyze
Analyze the trade-offs between using analog and digital modulation techniques for satellite communication systems.,Analyze
"Compare the various data serialization formats (e.g., JSON, XML, Protocol Buffers) in terms of efficiency and readability.",Analyze
Analyze the impact of algorithmic bias on the fairness and inclusivity of machine learning models in hiring practices.,Analyze
Examine the difference between a cantilever and a simply supported beam in structural systems?,Analyze
Describe the significance of a percolation test in septic system design?,Understand
"Compare the different types of transmission impairments (e.g., attenuation, distortion, noise) in communication channels, discussing their effects on signal quality.",Analyze
Examine the difference between stress and strain in material mechanics?,Analyze
Describe the process of channel equalization in communication systems?,Understand
